id,source_text,dialect,context_tag,status,created_at,sentiment_score,weight,standard_term,part_of_speech
0064616d-bcb6-4960-ae4c-67ca80b7bb1b,bunso,General Tagalog,Family,validated,2026-07-24 12:55:37.151387+00,12,1,pinakabata,Noun
0075d941-e252-49e2-8913-4b8191b97701,delikado,General Cebuano,Angry,validated,2026-07-24 12:55:37.151387+00,4,1.2,kuyaw,Adjective
009c2933-6597-4c47-ba95-cb40c91b71ee,Kani,General Cebuano,Pointer,validated,2026-07-06 06:21:53.701666+00,0,1.5,This (object),Phrase
01000c94-2725-4981-82cd-72c643b6cf94,Hinaw,Batangeño,Household,validated,2026-07-06 06:21:53.701666+00,0,1.5,Wash hands,Phrase
0121b393-b685-41d7-815f-1fae9db56713,love bombing,General Tagalog,Internet Slang,validated,2026-07-24 12:55:37.151387+00,2,1.5,sobrang pagpapakita ng pagmamahal,Phrase
01d591f1-1751-4377-8cda-be18bf620f0d,grind,General Tagalog,Work,validated,2026-07-24 12:55:37.151387+00,9,1,pagsisipag,Noun
01ea8e90-0476-4a3b-a0ba-aa867635e8f1,hbd,General Tagalog,Internet Slang,validated,2026-07-24 12:55:37.151387+00,2,1.5,maligayang kaarawan,Phrase
024f0d97-f808-4952-b257-49eb96957e0c,natulog,General Cebuano,Internet Slang,validated,2026-07-24 12:55:37.151387+00,2,1,tulog,Noun
027597c3-2a7f-4bd5-a9c6-dc0cea79f880,mhie,General Tagalog,Flirty,validated,2026-07-24 12:55:37.151387+00,1,1.2,mahal,Adjective
0283ae57-7c20-455b-920d-f5697cd3fee1,gg,General Tagalog,Gaming,validated,2026-07-24 12:55:37.151387+00,10,1.5,tapos na,Phrase
02854ba4-6114-4d53-97b0-ed550578bae2,merkado,Boholano,Regional,validated,2026-07-24 12:55:37.151387+00,5,1,palengke,Noun
029377dc-a0af-47dc-9f97-b6c53ae80826,waja,Boholano,Regional,validated,2026-08-06 09:08:28.867391+00,5,1,wala,Noun
029aa22e-30f7-4517-9154-9e947ba60105,triggered,General Tagalog,Angry,validated,2026-07-24 12:55:37.151387+00,4,1,nagalit,Verb
03088886-1505-4de7-b9ad-5e3441fcbb3c,walang anuman,General Cebuano,Greetings,validated,2026-07-24 12:55:37.151387+00,13,1.5,way sapayan,Phrase
03415c1b-5d02-4c6d-a620-7e8989bcd298,puso,General Tagalog,Flirty,validated,2026-08-06 09:10:03.172001+00,1,1.5,pagmamahal,Adjective
0368af71-2644-4563-834d-906e9c5f12e3,mamati,Boholano,Regional,validated,2026-07-24 12:55:37.151387+00,5,1.2,makinig,Adjective
03ea46d2-fee1-4f41-bbba-ecf1822dbfea,icymi,General Tagalog,Internet Slang,validated,2026-08-06 09:08:28.867391+00,2,1.5,para sa iyong kaalaman,Phrase
042cd174-afd4-4efd-a7e6-0dbb40c16217,nakatulog na ga,Batangeño,Regional,validated,2026-07-24 12:55:37.151387+00,5,1.5,natulog,Phrase
04c30e72-2990-44ad-bead-634684c58f26,G!,General Cebuano,Slang,validated,2026-07-06 06:21:53.701666+00,0,1.5,I'm in/Game,Phrase
051c60c7-9d20-4304-a2ef-e922f13bd3ba,kahapon ga,Batangeño,Regional,validated,2026-07-24 12:55:37.151387+00,5,1.5,kahapon,Phrase
060cc404-03d8-4534-af93-38334dca680c,ang hirap,General Tagalog,Sadness,validated,2026-07-24 12:55:37.151387+00,14,1.5,napakahirap,Phrase
061b14d9-7f0c-4407-ab9f-05c779ab9a5b,wfh,General Tagalog,Work,validated,2026-07-24 12:55:37.151387+00,9,1.5,trabaho sa bahay,Phrase
06a70ad6-d1c0-4b4f-988c-9370816b3557,dejk,General Tagalog,Internet Slang,validated,2026-07-24 12:55:37.151387+00,2,1.5,biro lang,Phrase
0700bd1d-8f10-4fd9-aa69-7f402e3c0fad,q,General Tagalog,Internet Slang,validated,2026-07-24 12:55:37.151387+00,2,1,ko,Noun
07dfc62a-21e7-44c1-bbad-81e010e8e0ea,mwah,General Tagalog,Flirty,validated,2026-07-24 12:55:37.151387+00,1,1.2,halik,Adjective
080bd465-8211-44a5-9b20-6311b8780def,petmalu,General Tagalog,Internet Slang,validated,2026-07-24 12:55:37.151387+00,2,1.2,matapang,Adjective
083bf05a-84b8-4e11-9edd-58919825f230,aso ga,Batangeño,Regional,validated,2026-07-24 12:55:37.151387+00,5,1.5,aso,Phrase
089c750a-f57b-44e5-a9ce-20decccae468,jusmio,General Tagalog,Internet Slang,validated,2026-07-24 12:55:37.151387+00,2,1.5,diyos ko,Phrase
08ed6ee3-e96d-4be4-906a-a02d5e545c80,hay naku,General Tagalog,Internet Slang,validated,2026-07-24 12:55:37.151387+00,2,1.5,diyos ko,Phrase
08edb983-46aa-4a83-ab99-05956621632e,imo,General Tagalog,Internet Slang,validated,2026-08-06 09:10:03.172001+00,2,1.5,sa tingin ko,Phrase
09989598-649f-4bc0-894a-94def1087f4c,lola ga,Batangeño,Family,validated,2026-07-24 12:55:37.151387+00,12,1.5,lola,Phrase
0a2ec444-83f9-456f-93b4-2fbad493ad89,choz,General Tagalog,Internet Slang,validated,2026-07-24 12:55:37.151387+00,2,1.5,biro lang,Phrase
0a3878c4-92d0-4a01-9ec9-2d7d977cbe8f,mahal,General Cebuano,Flirty,validated,2026-07-24 12:55:37.151387+00,1,1.2,palangga,Adjective
0a38d2f8-4987-4207-88d3-1ade6e9fb60e,kumusta na,Boholano,Greetings,validated,2026-07-24 12:55:37.151387+00,13,1.5,kumusta,Phrase
0a6f274d-344e-4e79-af88-faa22da2af02,niwang,Boholano,Regional,validated,2026-07-24 12:55:37.151387+00,5,1,payat,Noun
0a87d996-d417-416a-ae9c-2074e4dcb641,lng,General Tagalog,Internet Slang,validated,2026-07-24 12:55:37.151387+00,2,1,lang,Noun
0aa59d31-5e9e-413c-90da-6b2259a258c2,smh,General Tagalog,Angry,validated,2026-08-06 09:08:28.867391+00,4,1.2,nakakadismaya,Adjective
0b8661f0-3ae4-481b-bf46-474c345f85c0,Gwapo,General Cebuano,Compliment,validated,2026-07-06 06:21:53.701666+00,0,1.5,Handsome boy,Phrase
0bffe31c-9cbe-4af9-a10d-ad6356494ea3,chz lang,General Tagalog,Internet Slang,validated,2026-07-24 12:55:37.151387+00,2,1.5,biro lang,Phrase
0c008011-2f4c-4fec-a56d-67ea31376330,mamsh,General Tagalog,Flirty,validated,2026-07-24 12:55:37.151387+00,1,1,maganda,Verb
0c8bb5df-0df9-49e0-9bad-3a753f145202,dagat ga,Batangeño,Regional,validated,2026-07-24 12:55:37.151387+00,5,1.5,dagat,Phrase
0c8c302c-22e8-4e2c-bec0-7ef1fad8fddd,ulitawo,Boholano,Flirty,validated,2026-08-06 09:10:03.172001+00,1,1.2,binata,Adjective
0cf8ef68-2344-49fa-8d1c-0e7b8057ccc9,buang,Boholano,Angry,validated,2026-07-24 12:55:37.151387+00,4,1.2,baliw,Adjective
0cf95419-2141-4fe5-8640-2803b5752e8c,ospital ga,Batangeño,Regional,validated,2026-07-24 12:55:37.151387+00,5,1.5,ospital,Phrase
0d270ccd-8493-4668-8ed5-c34ced25734d,boundaries,General Tagalog,Internet Slang,validated,2026-07-24 12:55:37.151387+00,2,1.5,mga hangganan,Phrase
0d28f450-f28e-4d28-b975-f03f6f694f16,pakyu,General Tagalog,Angry,validated,2026-07-24 12:55:37.151387+00,4,1.2,galit,Adjective
0d3b32cf-bda5-4ba3-bbbf-04ae7cdd3def,din,General Tagalog,Internet Slang,validated,2026-07-24 12:55:37.151387+00,2,1,rin,Noun
0d6dd2b1-9cd3-44b7-88e4-10faf037d883,kaibigan,General Cebuano,Regional,validated,2026-07-24 12:55:37.151387+00,5,1,dong,Noun
0d706c12-d4bf-4c2d-b332-aebc5c20c056,aba ganoon,Batangeño,Regional,validated,2026-07-24 12:55:37.151387+00,5,1.5,ganoon,Phrase
0dcb4fbd-c33b-42e0-9d7a-3b8656ab2b25,inahan,Boholano,Family,validated,2026-07-24 12:55:37.151387+00,12,1,nanay,Verb
0e5dce29-1b87-49a0-8c9f-c540abbce189,understood the assignment,General Tagalog,Internet Slang,validated,2026-07-24 12:55:37.151387+00,2,1.5,naintindihan,Phrase
0e66c624-b698-461b-8898-7b5b41b7388d,gtg,General Tagalog,Internet Slang,validated,2026-07-24 12:55:37.151387+00,2,1.5,kailangan ko na umalis,Phrase
0e76d761-12c7-42cd-8bc4-8f0363a6afe6,nga,General Cebuano,Regional,validated,2026-07-24 12:55:37.151387+00,5,1,bitaw,Noun
0eb4c977-2d0f-4b5d-88e3-194b08773583,rank push,General Tagalog,Gaming,validated,2026-07-24 12:55:37.151387+00,10,1.5,pagtaas ng ranggo,Phrase
0eda4c0d-6ee7-4373-bd27-f97e89954c6a,shunga,General Tagalog,Angry,validated,2026-07-24 12:55:37.151387+00,4,1.2,tanga,Adjective
0f30d88a-7f94-4c0d-a04d-fd5f4b43858a,based,General Tagalog,Internet Slang,validated,2026-07-24 12:55:37.151387+00,2,1.5,matapang ang opinyon,Phrase
0f551d20-87b1-4dd5-983d-6e93a3c8a08c,napadpad,Batangeño,Regional,validated,2026-07-24 12:55:37.151387+00,5,1,pumunta,Noun
0f98aac5-d6c4-4cea-ac90-04868da33780,ganina,Boholano,Regional,validated,2026-07-24 12:55:37.151387+00,5,1,kanina,Noun
0fc3d5c4-0f62-4479-9f87-68f27087a4e3,isang kahig isang tuka,General Tagalog,Sadness,validated,2026-08-06 09:08:28.867391+00,14,1.5,walang pera,Phrase
1099bcb3-893e-4b82-8f2c-b08779d8d58c,tulak ng bibig,General Tagalog,Angry,validated,2026-08-06 09:10:03.172001+00,4,1.5,salita lang,Phrase
10a14a6e-467d-49f7-8fe8-4dbedaedc920,ngl,General Tagalog,Internet Slang,validated,2026-07-24 12:55:37.151387+00,2,1.5,sa totoo lang,Phrase
10a451dc-aba8-46c8-bb41-a26e54acfcb3,gamay,Boholano,Regional,validated,2026-07-24 12:55:37.151387+00,5,1.2,maliit,Adjective
10b97a3d-7871-4b23-b7a8-4f050703be31,vibe,General Tagalog,Internet Slang,validated,2026-07-24 12:55:37.151387+00,2,1,pakiramdam,Noun
10e33a1b-28bb-441a-a0cf-4aa1deceb022,aba init,Batangeño,Regional,validated,2026-07-24 12:55:37.151387+00,5,1.5,mainit,Phrase
10edf732-4bc0-4552-ae8f-57ec24fd5101,resign,General Tagalog,Work,validated,2026-07-24 12:55:37.151387+00,9,1,magbibitiw,Verb
112de085-083a-4673-8d1b-5cca362dab0c,bagang,Batangeño,Regional,validated,2026-08-06 09:10:03.172001+00,5,1,nga,Noun
1133529c-b277-4668-8d2a-71fcdb2b2cde,takaw,General Tagalog,Food,validated,2026-07-24 12:55:37.151387+00,7,1.2,matakaw,Adjective
1166e245-877a-47ed-944b-70bb72a239df,luto,General Tagalog,Food,validated,2026-07-24 12:55:37.151387+00,7,1,nagluto,Verb
11cd27ed-6f2f-4026-9846-3eace0caafc0,simbahan,Boholano,Regional,validated,2026-07-24 12:55:37.151387+00,5,1,simbahan,Noun
1207c6a8-016b-48a7-9433-cd037f05026a,anus-a,Boholano,Regional,validated,2026-08-06 09:10:03.172001+00,5,1,kailan,Noun
12325959-96eb-4a5f-8625-869dde22628c,healing era,General Tagalog,Internet Slang,validated,2026-07-24 12:55:37.151387+00,2,1.5,panahon ng pagpapagaling,Phrase
123714c4-a79f-4222-9548-b2ce052deece,kaibigan,General Cebuano,Regional,validated,2026-07-24 12:55:37.151387+00,5,1,bai,Noun
12a76675-e488-4e8e-b14f-64bcc92a91b2,hehe,General Tagalog,Internet Slang,validated,2026-07-24 12:55:37.151387+00,2,1,nahihiya,Noun
13a1cdaa-3c68-4876-ba48-1be2cee87aea,aba bilis,Batangeño,Regional,validated,2026-07-24 12:55:37.151387+00,5,1.5,mabilis,Phrase
13ab3f51-0573-4990-9e0e-a93f510e6a3e,very mindful,General Tagalog,Internet Slang,validated,2026-07-24 12:55:37.151387+00,2,1.5,mapagmasid,Phrase
14228339-64b0-46fb-96f0-7d2c525bf33e,nagluluto ga,Batangeño,Food,validated,2026-08-06 09:08:28.867391+00,7,1.5,nagluluto,Phrase
14998de2-5ec9-4edd-8799-a2a3f92de38f,magdasal ga,Batangeño,Regional,validated,2026-07-24 12:55:37.151387+00,5,1.5,magdasal,Phrase
149dfa5e-466c-4f05-9c9d-4c792b92a7a6,pano,General Tagalog,Internet Slang,validated,2026-07-24 12:55:37.151387+00,2,1,paano,Noun
14be56fa-7940-468d-ba45-588a1377a88f,cheret,General Tagalog,Internet Slang,validated,2026-07-24 12:55:37.151387+00,2,1.5,biro lang,Phrase
1553a589-3243-4c76-9c04-71254e899fe3,siya,Boholano,Regional,validated,2026-07-24 12:55:37.151387+00,5,1,siya,Noun
15588089-729a-4b5a-815a-30435b6a63be,Suray-suray,Batangeño,Action,validated,2026-07-06 06:21:53.701666+00,0,1,Swerve/wobbly,Noun
1587244b-e69e-4f91-8c1d-d527ae440b6d,spark,General Tagalog,Flirty,validated,2026-07-24 12:55:37.151387+00,1,1.2,kinikilig,Adjective
15899401-4ddb-49ac-b098-1a1bd43739b9,wer na u,General Tagalog,Internet Slang,validated,2026-07-24 12:55:37.151387+00,2,1.5,nasaan ka na,Phrase
15ab8d3e-fdfb-47ec-9c36-058b21eeaef4,sus ginoo,General Tagalog,Internet Slang,validated,2026-07-24 12:55:37.151387+00,2,1.5,diyos ko,Phrase
17287619-689e-4608-beed-aa45d30d382b,viral,General Tagalog,Social Media,validated,2026-07-24 12:55:37.151387+00,11,1,kumalat,Noun
175085c6-23e0-41a5-a881-6f68f7e578bf,prof,General Tagalog,School,validated,2026-07-24 12:55:37.151387+00,8,1,propesor,Noun
18407e33-d037-497d-baa5-e4dbfb5def5d,peste,General Cebuano,Angry,validated,2026-07-24 12:55:37.151387+00,4,1.2,pisti,Adjective
18918022-f2aa-4185-a14d-391c16d7a24a,green flag,General Tagalog,Internet Slang,validated,2026-07-24 12:55:37.151387+00,2,1.5,magandang palatandaan,Phrase
18a6af18-2827-4584-8222-e6783786174d,aba maganda,Batangeño,Happy,validated,2026-07-24 12:55:37.151387+00,3,1.5,maganda,Phrase
18f0bc55-38b4-4e55-bbb1-8a4d382b9f9a,bulaklak ga,Batangeño,Regional,validated,2026-07-24 12:55:37.151387+00,5,1.5,bulaklak,Phrase
192a12ac-e515-4bde-b51c-fb4d64ec1cbd,Dili gyud ko,General Cebuano,"Regional, Slang",validated,2026-07-09 17:15:44.382122+00,0,1.5,Ayoko ngani,Phrase
19478b5c-a415-4821-9d37-b424ad08439c,Mora bag maalamon kaayo siya.,General Cebuano,"Colloquial, Regional",validated,2026-07-09 17:15:45.416665+00,0,1.5,Na para bang ang talino niya,Phrase
1958b5e9-9ec2-404c-8f45-ee3762a24cdc,lolo ga,Batangeño,Family,validated,2026-07-24 12:55:37.151387+00,12,1.5,lolo,Phrase
198342da-7098-43a5-aa33-44351b468524,iro,Boholano,Regional,validated,2026-07-24 12:55:37.151387+00,5,1,aso,Noun
19906d6e-b04a-4d19-a237-a72164c1d200,ikot,General Cebuano,Regional,validated,2026-08-06 09:10:03.172001+00,5,1,tuyok,Noun
19e7f8c6-7394-4ced-ae3e-34f44875e866,simbahan ga,Batangeño,Regional,validated,2026-07-24 12:55:37.151387+00,5,1.5,simbahan,Phrase
19faffeb-efe9-4b49-bd94-7e12c71621a4,keri,General Tagalog,Internet Slang,validated,2026-07-24 12:55:37.151387+00,2,1,kaya,Noun
1a13ad06-bc45-4383-b006-9f202c7edd1b,Huntahan,Batangeño,Social,validated,2026-07-06 06:21:53.701666+00,0,1.5,Small talk,Phrase
1a3b7ead-0868-4f6d-8bec-31fa944487f5,werpa,General Tagalog,Internet Slang,validated,2026-07-24 12:55:37.151387+00,2,1,lakas,Noun
1a53da57-88d9-4724-844a-707975adb614,paano,General Cebuano,Regional,validated,2026-07-24 12:55:37.151387+00,5,1,unsaon,Noun
1a58bb62-fb48-4f42-b721-e69cc615afb4,walang hiya,General Tagalog,Angry,validated,2026-07-24 12:55:37.151387+00,4,1.5,walang hiya,Phrase
1a732dfe-2816-43ab-a88e-a18078c1d0d7,Kana,General Cebuano,Pointer,validated,2026-07-06 06:21:53.701666+00,0,1.5,That (object),Phrase
1ae28f20-f19f-4d8a-ab8a-f3112e7c786f,beige flag,General Tagalog,Internet Slang,validated,2026-07-24 12:55:37.151387+00,2,1.5,kakaibang ugali,Phrase
1b095f38-fe0a-4851-ae3a-7ece93b62560,eabab,General Tagalog,Flirty,validated,2026-07-24 12:55:37.151387+00,1,1.2,babe,Adjective
1bd7f170-9381-4aba-94cc-72c191ece700,mvp,General Tagalog,Gaming,validated,2026-07-24 12:55:37.151387+00,10,1.5,pinakamahusay na manlalaro,Phrase
1c841719-4dc7-4301-a734-4a415e692ffb,eme,General Tagalog,Internet Slang,validated,2026-07-24 12:55:37.151387+00,2,1.5,kung ano-ano,Phrase
1cd0fe49-ecec-46bf-84f3-04dd1ee578ba,bad trip,General Tagalog,Angry,validated,2026-07-24 12:55:37.151387+00,4,3,nakakagalit,Phrase
1d04d3d7-250f-412f-903c-0631992d8365,aba tamad,Batangeño,Regional,validated,2026-07-24 12:55:37.151387+00,5,1.5,tamad,Phrase
1d3dc761-e9ca-47f4-be1f-46093aeb3280,fomo,General Tagalog,Internet Slang,validated,2026-07-24 12:55:37.151387+00,2,1.5,takot na mawalan ng pagkakataon,Phrase
1d61603c-b723-43e7-8c2c-b569c9927d7e,echosera,General Tagalog,Internet Slang,validated,2026-07-24 12:55:37.151387+00,2,1.2,maarte,Adjective
1dbf8743-ea78-461a-9fc0-484d946a3591,palo,General Cebuano,Angry,validated,2026-08-06 09:08:28.867391+00,4,1.2,hapak,Adjective
1e29b832-3b6f-44a7-9d6f-968e28a3cd36,kami,Boholano,Regional,validated,2026-07-24 12:55:37.151387+00,5,1,kami,Noun
1e54f4c4-277f-475a-9c09-342f68101e20,teh,General Tagalog,Regional,validated,2026-07-24 12:55:37.151387+00,5,1,ate,Noun
1e7efbd8-5c00-4cdb-9ee5-b4c250f05c25,Abange,Batangeño,Action,validated,2026-07-06 06:21:53.701666+00,0,1,Wait,Noun
1ebfd8aa-d51b-454d-bc21-0f2df32cbbb0,maglaba,Boholano,Regional,validated,2026-07-24 12:55:37.151387+00,5,1,maglaba,Verb
1f091f49-1e18-414d-ae02-44cfd9deaaad,vlog,General Tagalog,Social Media,validated,2026-07-24 12:55:37.151387+00,11,1.5,video blog,Phrase
1fe3bf28-4cc0-4990-96f4-7c90506d792c,hustle,General Tagalog,Work,validated,2026-07-24 12:55:37.151387+00,9,1,sipag,Noun
20a15db7-0d82-4c7b-8014-be5055182ca9,gabii,Boholano,Regional,validated,2026-07-24 12:55:37.151387+00,5,1,gabi,Noun
2115df1b-1ee0-4759-b3f3-62ba6a4c60b6,pagod,General Tagalog,Sadness,validated,2026-07-24 12:55:37.151387+00,14,1.5,pagod na pagod,Phrase
21bc4704-2e74-4dfe-a700-d07655613c0d,sawa,General Tagalog,Work / Hustle,validated,2026-08-06 10:13:05.652615+00,9,1.5,pagod na,Phrase
21e3362c-8a4a-442f-8312-54ceed49a2fb,ganahan,Boholano,Flirty,validated,2026-07-24 12:55:37.151387+00,1,1.2,gusto,Adjective
2245ffd0-997e-4348-aab0-a3cec71a7269,bata ga,Batangeño,Regional,validated,2026-07-24 12:55:37.151387+00,5,1.5,bata,Phrase
2297694e-319a-42ba-a2ea-e0e3ab984761,landian,General Tagalog,Flirty,validated,2026-07-24 12:55:37.151387+00,1,1.5,nag-uusap ng sweet,Phrase
22ef74d9-59b3-4a32-91cf-fd547e7d2e50,potaena,General Tagalog,"Angry, Profanity",validated,2026-07-24 12:55:37.151387+00,15,1.2,nakakainis,Adjective
232c8dee-7cb0-4017-8720-279ed62dedb0,saan ba,General Cebuano,Regional,validated,2026-07-24 12:55:37.151387+00,5,1.5,asa man,Phrase
239830ea-6041-4a35-8b8e-03c674367367,mikatawa,Boholano,Happy,validated,2026-07-24 12:55:37.151387+00,3,1.2,tumawa,Adjective
2418cb46-e3ee-4bdb-9c45-89378f0edc94,valid,General Tagalog,Internet Slang,validated,2026-07-24 12:55:37.151387+00,2,1,tama,Noun
2420416e-4f4f-410e-b913-0448645ca66b,jowa,General Tagalog,Flirty,validated,2026-07-24 12:55:37.151387+00,1,1.2,kasintahan,Adjective
24749c73-90aa-44cf-8f45-ecbd75821f74,naur,General Tagalog,Internet Slang,validated,2026-08-06 09:10:03.172001+00,2,1,hindi,Noun
24906fe1-91a6-41c4-9959-3bd24f445a38,pa victim,General Tagalog,Angry,validated,2026-08-06 09:10:03.172001+00,4,1.5,nagkukunwaring biktima,Phrase
24dd8a63-5d5f-4f20-802e-947db4e3415b,aba gusto,Batangeño,Flirty,validated,2026-07-24 12:55:37.151387+00,1,1.5,gusto,Phrase
24e5d309-32f3-4555-92f4-55cb18828861,dagat,Boholano,Regional,validated,2026-07-24 12:55:37.151387+00,5,1,dagat,Noun
254c6780-c414-4017-a0d2-27833ec067aa,kain na tayo,General Tagalog,Food,validated,2026-07-24 12:55:37.151387+00,7,1.5,kumain na tayo,Phrase
26a67d7f-b1c7-4453-b1c0-aa6b24032b69,iba,General Cebuano,Regional,validated,2026-07-24 12:55:37.151387+00,5,1,lahi,Noun
27320045-bb2e-4c7d-85d8-ccce7fc16c0f,ulan,Boholano,Regional,validated,2026-07-24 12:55:37.151387+00,5,1,ulan,Noun
276c5e2d-6e0a-4c42-bca7-02898d57c45f,nagsasalita ga,Batangeño,Regional,validated,2026-08-06 09:08:28.867391+00,5,1.5,nagsasalita,Phrase
2789053c-9e31-49c3-9a64-d4a083c23f72,kinsa,Boholano,Regional,validated,2026-08-06 09:08:28.867391+00,5,1,sino,Noun
27af0690-e18c-499a-b513-4f87a9ada7d1,siraulo,General Tagalog,Angry,validated,2026-07-24 12:55:37.151387+00,4,1.2,baliw,Adjective
27bfcf56-e633-4163-b62e-1a9f837d8be1,mahal,General Cebuano,Flirty,validated,2026-07-24 12:55:37.151387+00,1,1.2,pangga,Adjective
27f715f9-586f-4e32-aaa2-f60acd37b21a,charot,General Tagalog,Internet Slang,validated,2026-07-17 16:17:28.720298+00,2,1.5,biro lang,Phrase
285f3adb-6bef-4c49-9df5-ead3d15c1bb3,red flag,General Tagalog,Angry,validated,2026-07-24 12:55:37.151387+00,4,1.5,palatandaan ng masama,Phrase
28870b77-f5eb-424f-9370-63e0c3d68d7f,man,Boholano,Regional,validated,2026-07-24 12:55:37.151387+00,5,1.2,naman,Adjective
28bea02d-4961-44ff-88c3-3a1e3a08e43c,unsaon,Boholano,Regional,validated,2026-07-24 12:55:37.151387+00,5,1,paano,Noun
29639e97-a666-4f8c-873b-085b563555a0,Tubal,Batangeño,Household,validated,2026-07-06 06:21:53.701666+00,0,1.5,Dirty cloth,Phrase
2989777d-eed8-4bf2-bcfd-2087a94956cb,kan-on,Boholano,Food,validated,2026-07-24 12:55:37.151387+00,7,1,kanin,Noun
2a3346d1-f44b-48fb-83c7-8b27bc166e6d,suntok sa buwan,General Tagalog,Sadness,validated,2026-08-06 09:10:03.172001+00,14,1.5,imposible,Phrase
2a751e8c-cf91-4722-a6f1-ecde034c829a,ading,General Tagalog,Regional,validated,2026-07-24 12:55:37.151387+00,5,1,bunso,Noun
2a919034-e745-4d83-8b11-a0b5f88bf4a2,sana all,General Tagalog,"Internet Slang, Happy",validated,2026-07-17 16:17:27.294766+00,3,1.5,sana lahat,Phrase
2abf767a-c9a8-43af-8279-b9143fe0d70e,eh,General Tagalog,Regional,validated,2026-07-24 12:55:37.151387+00,5,1,eh,Noun
2ac844af-b307-46b5-82b7-0277caa19684,adlaw,Boholano,Regional,validated,2026-07-24 12:55:37.151387+00,5,1,araw,Noun
2ad75ba0-1347-400f-b306-d492dc3e6d84,legendary,General Tagalog,Internet Slang,validated,2026-07-24 12:55:37.151387+00,2,1.2,mahusay,Adjective
2b160461-7287-46ff-bb0f-93d051d8b176,u,General Tagalog,Internet Slang,validated,2026-07-24 12:55:37.151387+00,2,1,ikaw,Noun
2b43f925-ca51-454f-86ab-02f80497484c,nag-iinit ang ulo,Batangeño,Angry,validated,2026-07-24 12:55:37.151387+00,4,1.5,galit,Phrase
2b80a265-6902-4eaa-9d5c-ea34765499c9,ga,Batangeño,Regional,validated,2026-08-06 09:10:03.172001+00,5,1,ba,Noun
2b900e99-6db1-45b3-b528-8cd5fb0c57b4,aba buti,Batangeño,Happy,validated,2026-07-24 12:55:37.151387+00,3,1.5,mabuti,Phrase
2c03c218-9506-4a4f-b2be-508e5f665e28,bastos,General Tagalog,Angry,validated,2026-07-24 12:55:37.151387+00,4,1.5,walang galang,Phrase
2c067039-108d-41fc-8ed9-fb780b78a7bd,bhie,General Tagalog,Internet Slang,validated,2026-07-24 12:55:37.151387+00,2,1,kaibigan,Noun
2c160f0c-4ea9-42b5-a4c1-95ce326736be,ulam ga,Batangeño,Food,validated,2026-07-24 12:55:37.151387+00,7,1.5,ulam,Phrase
2c1e8e94-a77f-4cbf-8637-85dbec274efe,delusional,General Tagalog,Internet Slang,validated,2026-07-24 12:55:37.151387+00,2,1,nagbubulag-bulagan,Verb
2c5dd623-bc21-4be8-956d-5038755388ed,ulan ga,Batangeño,Regional,validated,2026-07-24 12:55:37.151387+00,5,1.5,ulan,Phrase
2cb32e5d-78e2-4912-a3bd-679c755c79df,Alwasin mo,Batangeño,Action,validated,2026-07-06 06:21:53.701666+00,0,1.5,Rummage/search,Phrase
2d0cb575-2e1e-47c4-b714-2bf58942749d,sosyal,General Tagalog,Internet Slang,validated,2026-07-24 12:55:37.151387+00,2,1.2,mayaman,Adjective
2d4920a2-7aa9-41f6-a7ae-cde324e79721,situationship,General Tagalog,Internet Slang,validated,2026-07-24 12:55:37.151387+00,2,1.5,walang label na relasyon,Phrase
2d73d256-8c67-4395-a893-e8112678a8a5,tag-init,General Cebuano,Regional,validated,2026-07-24 12:55:37.151387+00,5,1,ting-init,Noun
2d79a65b-3ffd-4c70-8b8e-80e9256b4f48,magtanim ga,Batangeño,Regional,validated,2026-07-24 12:55:37.151387+00,5,1.5,magtanim,Phrase
2d93dc8f-0e19-47bb-a049-b95a87672b67,pikon,General Tagalog,Angry,validated,2026-07-24 12:55:37.151387+00,4,1.5,madaling magalit,Phrase
2dbdc77c-9bab-4bbd-bcd8-b06e2f713378,sis,General Tagalog,Internet Slang,validated,2026-07-24 12:55:37.151387+00,2,1,kaibigan,Noun
2ddf120a-d2b0-48f6-8860-d84c12e15013,sarap,General Tagalog,Happy,validated,2026-07-24 12:55:37.151387+00,3,1.2,masarap,Adjective
2e0a17eb-b0ef-47c2-9982-7430d0ee7953,ulol,General Tagalog,"Angry, Profanity",validated,2026-07-24 12:55:37.151387+00,4,1.2,baliw,Adjective
2e7629be-d312-4bb6-bd48-317496338a8c,ot,General Tagalog,Work,validated,2026-07-24 12:55:37.151387+00,9,1,overtime,Noun
2ed9decd-9d8b-4ed2-91b0-103efa2b3224,chareng,General Tagalog,Internet Slang,validated,2026-07-24 12:55:37.151387+00,2,1.5,biro lang,Phrase
2f1609a1-d906-41d0-abdd-45c0c17d04eb,saan ga,Batangeño,Regional,validated,2026-07-24 12:55:37.151387+00,5,1.5,saan,Phrase
2f951edd-768f-4571-93f8-ab55482d6dc9,noob,General Tagalog,Gaming,validated,2026-07-24 12:55:37.151387+00,10,1,baguhan,Noun
2fa039cb-8cc4-4be3-b0d5-67f0fab2e263,latag,General Tagalog,Social Media,validated,2026-08-06 09:10:03.172001+00,11,1,ipaliwanag,Noun
2fa3826d-c0cb-44fd-84dd-8b3396ebcd5a,n,General Tagalog,Internet Slang,validated,2026-07-24 12:55:37.151387+00,2,1,na,Noun
2fa446f9-1627-4403-9974-5cf07f751800,sakyanan,Boholano,Regional,validated,2026-07-24 12:55:37.151387+00,5,1,kotse,Noun
30f4df3d-4189-4fd6-ab17-3c2516631326,gm,General Tagalog,Internet Slang,validated,2026-07-24 12:55:37.151387+00,2,1.5,magandang umaga,Phrase
310ef78e-ecaa-49c4-926e-4a021d1d1b26,oo bitaw,Boholano,Regional,validated,2026-07-24 12:55:37.151387+00,5,1.5,oo nga,Phrase
312ad356-5554-4ef2-b8dd-36b56cdc2816,d,General Tagalog,Internet Slang,validated,2026-07-24 12:55:37.151387+00,2,1,hindi,Noun
31668e50-f418-44d0-b4f4-d0a6d7c6a991,tindahan,Boholano,Regional,validated,2026-07-24 12:55:37.151387+00,5,1,tindahan,Noun
31ecb2f8-85f8-4e45-a671-df76a07fddfd,coded,General Tagalog,Internet Slang,validated,2026-07-24 12:55:37.151387+00,2,1.5,nagpapakita ng katangian,Phrase
31ef5509-4396-48c0-bf38-45a18c939606,sanaol,General Tagalog,"Internet Slang, Happy",validated,2026-07-17 16:17:27.024895+00,3,1.5,sana lahat,Phrase
3203f274-6589-46b7-bdb0-109f33706da8,trabaho namin ga,Batangeño,Work,validated,2026-07-24 12:55:37.151387+00,9,1.5,trabaho,Phrase
328e855f-dd74-423f-803b-f964c3176de3,magbasa,Boholano,School,validated,2026-07-24 12:55:37.151387+00,8,1,magbasa,Verb
3301f24d-d0ed-4fc4-a1d0-30f9d1b59525,namamasyal ga,Batangeño,Happy,validated,2026-07-24 12:55:37.151387+00,3,1.5,namamasyal,Phrase
337d0b84-ee07-46ff-9711-f2d0ee028b83,pabili po,General Tagalog,Regional,validated,2026-07-24 12:55:37.151387+00,5,1.5,bibili po ako,Phrase
33c9c9e1-defc-4899-873f-6e6ad94037d4,magbayad ga,Batangeño,Work,validated,2026-07-24 12:55:37.151387+00,9,1.5,magbayad,Phrase
34189abc-0a77-43c7-bb43-40ab6dd4e565,papi,General Tagalog,Flirty,validated,2026-07-24 12:55:37.151387+00,1,1.2,pogi,Adjective
34645be0-e9e3-4b64-a60a-b5692bd5a178,bay,Boholano,Regional,validated,2026-08-06 09:08:28.867391+00,5,1,bahay,Noun
35640cbf-06be-4647-855c-fb0c89e97f03,tag-ulan,General Cebuano,Regional,validated,2026-07-24 12:55:37.151387+00,5,1,tig-ulan,Noun
3599764a-26ae-48cf-a57f-e80a9b5be47b,papa,General Tagalog,Internet Slang,validated,2026-07-24 12:55:37.151387+00,2,1,pogi,Noun
35a101ad-47a2-4a3f-b1a2-c7cba1f3e1eb,oo,Boholano,Regional,validated,2026-07-24 12:55:37.151387+00,5,1,oo,Noun
36cc5e87-3410-426d-a161-9ca5e9c54748,fr,General Tagalog,Internet Slang,validated,2026-08-06 09:08:28.867391+00,2,1,totoo,Noun
36d620f0-d25d-403b-9839-700fbd0bb03d,cramming,General Tagalog,School,validated,2026-07-24 12:55:37.151387+00,8,1.5,nagmamadaling mag-aral,Phrase
36e14d78-d5a4-4d82-957b-d0bca19ac91a,grabe na talaga,General Cebuano,Internet Slang,validated,2026-07-24 12:55:37.151387+00,2,1.5,grabe na jud,Phrase
36f2ca2a-670b-457e-b3da-b7d75446732a,aba hina,Batangeño,Regional,validated,2026-07-24 12:55:37.151387+00,5,1.5,mahina,Phrase
37de8f88-a1b8-4c44-a4c2-f4369fd3cda1,bata,General Tagalog,Flirty,validated,2026-08-06 09:08:28.867391+00,1,1.2,kabit,Adjective
38238387-ebb4-48fd-866a-0e92a501dedc,Na para bang ang talino niya,English,"Colloquial, Internet/Digital",validated,2026-07-09 17:15:45.029458+00,0,1.5,As if he/she is so smart.,Phrase
38c1dd56-2023-4f22-aaa0-2f54baa47085,trabaho,Boholano,Work,validated,2026-07-24 12:55:37.151387+00,9,1,trabaho,Noun
3909e793-d826-477f-8e04-0f7bc6eeffbe,jologs,General Tagalog,Internet Slang,validated,2026-07-24 12:55:37.151387+00,2,1,baduy,Noun
391764f9-b296-469c-904b-8a6c7e685913,haligi ng tahanan,General Tagalog,Family,validated,2026-08-06 09:08:28.867391+00,12,1.5,tatay,Phrase
3928f2f7-b21a-487b-a9cc-35ea8408916a,Bumarek,Batangeño,Social,validated,2026-07-06 06:21:53.701666+00,0,1.5,Drink (liquor),Phrase
3935de56-4599-4d1a-92e1-8c41320485e6,caught in 4k,General Tagalog,Internet Slang,validated,2026-07-24 12:55:37.151387+00,2,1.5,nahuli,Phrase
395326a6-d65f-43ab-bec8-74a2536ab662,magsulat,Boholano,School,validated,2026-07-24 12:55:37.151387+00,8,1,magsulat,Verb
3965c279-bbea-4355-8b81-7f657f04bd04,korrek,General Tagalog,Happy,validated,2026-08-06 09:10:03.172001+00,3,1.2,tama,Adjective
397661f5-85ac-4b60-899f-ea0fff2439b1,ick,General Tagalog,Internet Slang,validated,2026-07-24 12:55:37.151387+00,2,1,kadiri,Noun
39ae4fdd-e9fc-4f94-a267-f25757695c3d,grabe ka,General Tagalog,Angry,validated,2026-07-24 12:55:37.151387+00,4,1.5,sobra ka,Phrase
39d1b2f8-6ac2-4703-bbe4-d567e0f09306,legit ba,General Tagalog,Internet Slang,validated,2026-07-24 12:55:37.151387+00,2,1.5,totoo ba,Phrase
39ee37bc-6dad-4e18-b99e-c991ec91d197,lalaki,Boholano,Regional,validated,2026-07-24 12:55:37.151387+00,5,1,lalaki,Noun
39fa2575-0c0e-44a6-b507-1f69909c9d9c,ala eh,General Tagalog,Regional,validated,2026-07-24 12:55:37.151387+00,5,1.5,ganoon talaga,Phrase
3a5c1376-b23a-46d9-936f-309f734833f1,clutch,General Tagalog,Gaming,validated,2026-07-24 12:55:37.151387+00,10,1.5,huling pagsagip,Phrase
3a9b6edc-694b-4b90-ae44-c24f821a577e,fam,General Tagalog,Internet Slang,validated,2026-07-24 12:55:37.151387+00,2,1,pamilya,Noun
3b029a17-67dd-4297-bad9-7cfcd2594b57,yarn,General Tagalog,Internet Slang,validated,2026-07-24 12:55:37.151387+00,2,1.5,totoo ba,Phrase
3b0c1d1a-7601-4092-8500-0d3176311fd2,miadto,Boholano,Regional,validated,2026-07-24 12:55:37.151387+00,5,1,pumunta,Noun
3b42da6a-01fe-4166-a422-1331f5917832,ferson,General Tagalog,Internet Slang,validated,2026-07-24 12:55:37.151387+00,2,1,tao,Noun
3bc6f9b9-06b3-465b-a614-12bc3a28057f,manoy,Boholano,Family,validated,2026-07-24 12:55:37.151387+00,12,1,kuya,Noun
3c3f1f12-9748-49d7-8229-1c3f5e45da87,paano ga,Batangeño,Regional,validated,2026-07-24 12:55:37.151387+00,5,1.5,paano,Phrase
3c57831d-bb26-4a74-8f6c-c75f62df0efd,tigulang,Boholano,Regional,validated,2026-07-24 12:55:37.151387+00,5,1.2,matanda,Adjective
3c93e9be-c176-4930-a77d-e948a8c9de4b,Dine,Batangeño,Locative,validated,2026-07-06 06:21:53.701666+00,0,1.5,Come here,Phrase
3d1570da-c513-4dbb-ac74-382491a11bfe,maganda,General Cebuano,Happy,validated,2026-08-06 09:10:03.172001+00,3,1,chada,Verb
3d2b3467-3013-4e98-bda6-5c2433fcd146,swabe,General Tagalog,Happy,validated,2026-07-24 12:55:37.151387+00,3,1,magaling,Verb
3d8d1d1a-e9d5-404b-ab72-b36e5f0c9b1f,pwd,General Tagalog,Internet Slang,validated,2026-07-24 12:55:37.151387+00,2,1,puwede,Noun
3d94a8f9-2c24-4ab8-9f79-9bd0347a1e0d,gabi ga,Batangeño,Regional,validated,2026-07-24 12:55:37.151387+00,5,1.5,gabi,Phrase
3e99d62f-dd55-4081-a8d4-ca0d7fabbc30,broken,General Tagalog,Sadness,validated,2026-07-24 12:55:37.151387+00,14,1.2,wasak ang puso,Adjective
3ef4209d-a5d5-481b-ba91-665724ebaa79,crush,General Tagalog,Flirty,validated,2026-07-24 12:55:37.151387+00,1,1,nagugustuhan,Verb
3f4b1252-3e43-448a-b3bb-a180496d9ec3,nagluto,Boholano,Food,validated,2026-07-24 12:55:37.151387+00,7,1,nagluluto,Verb
3f57b7ad-b5aa-4767-b94b-2c5f0861317b,gulay ga,Batangeño,Food,validated,2026-07-24 12:55:37.151387+00,7,1.5,gulay,Phrase
3f5f5a19-3fea-4e2c-b316-0fb69a129adc,mumsh,General Tagalog,Internet Slang,validated,2026-07-24 12:55:37.151387+00,2,1,kaibigan,Noun
3f660c7d-4e08-4b78-af1d-86c6323da982,maghintay ga,Batangeño,Regional,validated,2026-07-24 12:55:37.151387+00,5,1.5,maghintay,Phrase
3fbe48bf-6941-4a71-ab4e-47d10bbf3e7a,w,General Tagalog,Internet Slang,validated,2026-07-24 12:55:37.151387+00,2,1,ako,Noun
3fd2ab33-3ceb-4a26-bab5-5264368ae4c3,irl,General Tagalog,Internet Slang,validated,2026-07-24 12:55:37.151387+00,2,1.5,sa totoong buhay,Phrase
4044433e-3948-4bd4-a10e-bf8e27d2e1e5,mano po,General Tagalog,Greetings,validated,2026-07-24 12:55:37.151387+00,13,1.5,pagmamano,Phrase
4051353c-5be2-4e7f-b361-14467eaf3af7,unnie,General Tagalog,Internet Slang,validated,2026-07-24 12:55:37.151387+00,2,1,ate,Noun
41b268ed-28b2-40e1-9ceb-6dc5f05ae76f,bakit ba,General Cebuano,Regional,validated,2026-07-24 12:55:37.151387+00,5,1.5,ngano man,Phrase
41cbcc5c-6524-4647-946c-649ab6c7f52c,puhunan,General Tagalog,Work,validated,2026-07-24 12:55:37.151387+00,9,1,puhunan,Noun
41d70596-0494-4bf2-ab8b-1dc0dcdb15ef,lola,Boholano,Family,validated,2026-07-24 12:55:37.151387+00,12,1,lola,Noun
422ed0c6-d5d7-4622-b076-0db52e61a3bc,bagsak,General Tagalog,School,validated,2026-07-24 12:55:37.151387+00,8,1,bumagsak,Noun
423d6eeb-08b6-4ed2-b8f3-82ee07b2f0a4,lolo,Boholano,Family,validated,2026-07-24 12:55:37.151387+00,12,1,lolo,Noun
42816ca9-3738-4f43-a692-c821850c4c9f,highkey,General Tagalog,Internet Slang,validated,2026-07-24 12:55:37.151387+00,2,1,sobra,Noun
42f7d989-17b2-46c0-bee3-863684a08d7c,waley,General Tagalog,Internet Slang,validated,2026-07-24 12:55:37.151387+00,2,1.5,walang kwenta,Phrase
431e6ba1-aa85-4cd5-ae95-0535eab5baf1,pambihira,General Tagalog,Internet Slang,validated,2026-07-24 12:55:37.151387+00,2,1,grabe,Noun
432831e2-3970-4a79-be9d-13d3c32f694c,dude,General Tagalog,Internet Slang,validated,2026-07-24 12:55:37.151387+00,2,1,kaibigan,Noun
4385ec89-0589-4b27-95e2-9c2d89de025b,tgif,General Tagalog,Internet Slang,validated,2026-07-24 12:55:37.151387+00,2,1.5,biyernes na,Phrase
43b483ee-1bfe-4c94-a6eb-9496ae409a32,istg,General Tagalog,Internet Slang,validated,2026-07-24 12:55:37.151387+00,2,1.5,sinusumpa ko,Phrase
44d61cd6-401b-42a3-8863-6f79fc504624,bruh,General Tagalog,Internet Slang,validated,2026-07-24 12:55:37.151387+00,2,1,kaibigan,Noun
4521c6ce-98c2-4efe-9cb1-665fa9753a4f,Taluti,Batangeño,Slang,validated,2026-07-06 06:21:53.701666+00,0,1,Talkative,Noun
4559ec4b-4749-4602-b647-8fbc58f1166e,daga,Boholano,Flirty,validated,2026-08-06 09:10:03.172001+00,1,1.2,dalaga,Adjective
4570ea70-7016-4da8-9e61-4d5094cd1151,maglaba ga,Batangeño,Regional,validated,2026-07-24 12:55:37.151387+00,5,1.5,maglaba,Phrase
45808395-3762-477a-ac8a-ffc9ae63799e,po,General Tagalog,Regional,validated,2026-07-24 12:55:37.151387+00,5,1,po,Noun
459f15e6-8647-4c3a-9958-d3a1aff8a370,toxic,General Tagalog,Angry,validated,2026-07-24 12:55:37.151387+00,4,1.5,masamang impluwensya,Phrase
4602af8e-d174-47c5-b645-315c5b9431e1,gutom,General Cebuano,Slang,validated,2026-07-09 17:55:56.995744+00,0,1,tomguds,Noun
46626504-6794-40bf-8064-5dbb7590d4a3,lab,General Tagalog,Flirty,validated,2026-07-24 12:55:37.151387+00,1,1.2,mahal,Adjective
46ba2283-aff8-4c87-8779-33c9efed9ae2,labyu,General Tagalog,Flirty,validated,2026-07-24 12:55:37.151387+00,1,1.5,mahal kita,Phrase
46cc4f07-3734-491c-851e-4f5f78b47e46,luma,General Cebuano,Regional,validated,2026-07-24 12:55:37.151387+00,5,1,daan,Noun
471a1b6e-b787-4aaa-a7cc-a7713ca036ff,maraming salamat,General Cebuano,Greetings,validated,2026-07-24 12:55:37.151387+00,13,1.5,dakong salamat,Phrase
4741f23d-28fb-4e44-b5ea-e853a95e4563,lit,General Tagalog,Internet Slang,validated,2026-07-24 12:55:37.151387+00,2,1.2,masaya,Adjective
47529041-e1da-40ba-b910-2fa409d34605,eskwelahan namin ga,Batangeño,School,validated,2026-07-24 12:55:37.151387+00,8,1.5,eskwela,Phrase
47fb7f36-a1e5-430d-987e-0c352676973d,aba saya,Batangeño,Happy,validated,2026-07-24 12:55:37.151387+00,3,1.5,masaya,Phrase
48037179-ffd6-4183-a7b9-ae030e2b6dbe,pagod,General Cebuano,Sadness,validated,2026-07-24 12:55:37.151387+00,14,1.2,kapoy,Adjective
481911d5-6068-4013-87ba-a21f60148b9c,eabab,General Tagalog,"Flirty, Internet Slang",validated,2026-07-17 16:17:26.763211+00,1,1.2,mahal,Adjective
48d77de6-2ddc-436d-9be7-750547da7e3d,Buog,Batangeño,Informal,validated,2026-07-06 06:21:53.701666+00,0,1,Sleep,Noun
49614099-89f9-4b6a-aad6-fa4914323a0b,seethe,General Tagalog,Internet Slang,validated,2026-07-24 12:55:37.151387+00,2,1,magalit,Verb
49750f2e-ac2c-4524-9ffc-019a37be0dfa,karon,Boholano,Regional,validated,2026-07-24 12:55:37.151387+00,5,1,ngayon,Noun
49c8f093-78d0-4238-bae5-e7071df89d74,bet,General Tagalog,Gambling,validated,2026-07-24 12:55:37.151387+00,6,1,pusta,Noun
49eb3383-f050-4cf8-9aa6-a26ddbbf4829,aba mahal,Batangeño,Flirty,validated,2026-07-24 12:55:37.151387+00,1,1.5,mahal,Phrase
49f5ad3d-ddde-4da8-bd77-bd1fccbbb38a,dejado,General Tagalog,Gambling,validated,2026-07-24 12:55:37.151387+00,6,1.5,hindi paborito,Phrase
4a76f9c3-ea49-47cf-ae2d-a95347af462a,tuyo,General Tagalog,Food,validated,2026-08-06 09:10:03.172001+00,7,1,daing,Noun
4a7a1a19-7c91-4f41-9485-41f995c1d1a7,meron,General Tagalog,Gambling,validated,2026-07-24 12:55:37.151387+00,6,1.5,may laman,Phrase
4a924fae-5abc-4df1-84c5-98966202f68e,Dira,General Cebuano,Locative,validated,2026-07-06 06:21:53.701666+00,0,1.5,Go there,Phrase
4bb28314-f04f-489b-a9a9-21e83b13a1c2,inay,Batangeño,Family,validated,2026-07-24 12:55:37.151387+00,12,1,nanay,Verb
4bddc969-8707-4b48-abbb-d28d96177e88,makinig ga,Batangeño,Regional,validated,2026-07-24 12:55:37.151387+00,5,1.5,makinig,Phrase
4bf1fde4-2441-4fcd-9e63-4c6a70b06de4,oof,General Tagalog,Internet Slang,validated,2026-07-24 12:55:37.151387+00,2,1,sayang,Noun
4c1378e2-830b-4f92-8f60-3dc78ae85b04,puso,General Tagalog,Food,validated,2026-08-06 09:08:28.867391+00,7,1.5,puso ng saging,Phrase
4c22bbc1-8c11-4b29-bc4a-7b1aefb70745,mag-ampo,Boholano,Regional,validated,2026-07-24 12:55:37.151387+00,5,1,magdasal,Verb
4d211b69-973f-4aa5-9a79-d6422361ed07,type,General Tagalog,Flirty,validated,2026-07-24 12:55:37.151387+00,1,1.2,gusto,Adjective
4d4a8835-1402-4762-ac3c-6fe0a0dc9602,karne ga,Batangeño,Food,validated,2026-07-24 12:55:37.151387+00,7,1.5,karne,Phrase
4d68e746-ae5e-4ee1-99cf-ffe5e580c5a8,tol,General Tagalog,Regional,validated,2026-07-24 12:55:37.151387+00,5,1,kaibigan,Noun
4df2beef-d3bd-4114-bd77-d4f17da66c27,kamusta,General Cebuano,Greetings,validated,2026-07-24 12:55:37.151387+00,13,1,kumusta,Noun
4e525994-bb36-464f-91e6-2fa0b72555dd,"Bitaw, lagi",General Cebuano,Agreement,validated,2026-07-06 06:21:53.701666+00,0,1.5,That's right,Phrase
4e575bc1-cc2b-4bb9-a64b-c53efda614c3,pasensya na po,General Tagalog,Greetings,validated,2026-07-24 12:55:37.151387+00,13,1.5,paumanhin po,Phrase
4e6705e1-746f-4b9b-9cb2-850c9b59a13b,kakain,General Cebuano,Food,validated,2026-07-24 12:55:37.151387+00,7,1,mokaon,Noun
4ebf10fb-e0cf-4591-b3fc-4607e892eacd,masaya,General Cebuano,Happy,validated,2026-07-24 12:55:37.151387+00,3,1.2,lingaw,Adjective
4ef65621-54c7-4337-af5b-0ae60e3658e0,ge,General Tagalog,Internet Slang,validated,2026-07-24 12:55:37.151387+00,2,1,sige,Noun
4f2dabd3-f327-42c9-a94a-872161306742,yolo,General Tagalog,Internet Slang,validated,2026-07-24 12:55:37.151387+00,2,1.5,minsan lang tayo mabubuhay,Phrase
4f7f4602-e4b8-431e-a8dd-91929b67ca75,naglalakad ga,Batangeño,Regional,validated,2026-08-06 09:08:28.867391+00,5,1.5,naglalakad,Phrase
507da843-9481-4c6e-9a1a-24c6ba4b8519,pagkarami-rami,Batangeño,Regional,validated,2026-08-06 09:10:03.172001+00,5,1.2,madami,Adjective
51058824-3e28-4597-b9b1-84e785c48c0e,ngani,General Tagalog,"Regional, Batangeño",validated,2026-07-17 16:17:27.557072+00,5,1,nga,Noun
514a054a-77e4-41e6-bf3b-e5fd98ff670e,sge,General Tagalog,Internet Slang,validated,2026-07-24 12:55:37.151387+00,2,1,sige,Noun
51b51858-9786-410d-95e8-6ac7ea739e48,pm,General Tagalog,Internet Slang,validated,2026-07-24 12:55:37.151387+00,2,1.5,pribadong mensahe,Phrase
521b1809-9bee-48f6-a7e2-0d8ada072033,lang ga,Batangeño,Regional,validated,2026-07-24 12:55:37.151387+00,5,1.5,lang,Phrase
522a9cc6-48b9-4a3f-9a5a-cc0455646874,op,General Tagalog,Gaming,validated,2026-07-24 12:55:37.151387+00,10,1.5,sobrang lakas,Phrase
53201abe-e7c8-4250-bb7b-f1a076f98528,ampota,General Tagalog,"Angry, Profanity",validated,2026-07-24 12:55:37.151387+00,15,1.2,nakakainis,Adjective
53802cbf-e781-492a-a902-f22cfbc8276a,tuyo,General Tagalog,Regional,validated,2026-08-06 09:08:28.867391+00,5,1.5,walang basa,Phrase
539a1716-6fbb-4288-9614-70c43ffc7ee9,misimba,Boholano,Regional,validated,2026-07-24 12:55:37.151387+00,5,1,magsimba,Verb
539e39d8-4fc6-48d6-afb0-fc8401127fd8,dili,Boholano,Regional,validated,2026-07-24 12:55:37.151387+00,5,1,hindi,Noun
53f55dad-be63-417e-9d96-c30ecbbdf4d5,duh,General Tagalog,Internet Slang,validated,2026-07-24 12:55:37.151387+00,2,1,syempre,Noun
5402af24-1549-40b9-9154-f2f613275bdc,brat,General Tagalog,Internet Slang,validated,2026-07-24 12:55:37.151387+00,2,1,pasaway,Noun
54542d3b-9dc7-4cda-9707-f66a3283ae0d,bata,General Tagalog,Family,validated,2026-08-06 09:10:03.172001+00,12,1.5,anak,Noun
54687af3-cc58-4454-a7fa-e0b4a28658dd,naglalaro ga,Batangeño,Happy,validated,2026-07-24 12:55:37.151387+00,3,1.5,naglalaro,Phrase
54a1ef2d-898d-4e0c-8651-fa69bdfaced3,maghulat,Boholano,Regional,validated,2026-07-24 12:55:37.151387+00,5,1,maghintay,Verb
54c8b383-9641-4721-aa9b-a43ec66d229e,nays,General Tagalog,Happy,validated,2026-07-24 12:55:37.151387+00,3,1,maganda,Verb
55000e9c-768a-4241-83c4-ac1e548fabb9,lami,Boholano,Food,validated,2026-07-24 12:55:37.151387+00,7,1.2,masarap,Adjective
5505e85d-746e-46d9-b187-761348128296,Ala eh!,Batangeño,Exclamation,validated,2026-07-06 06:21:53.701666+00,0,1.5,Disbelief,Phrase
555824a2-139b-4612-ab97-b303ceaff0d6,wipe,General Tagalog,Gaming,validated,2026-07-24 12:55:37.151387+00,10,1.5,lahat namatay,Phrase
55b8bd49-f821-46f5-8bf7-9d30998e8aa1,periodt,General Tagalog,Internet Slang,validated,2026-07-24 12:55:37.151387+00,2,1.5,tapos na,Phrase
56b2024c-35f9-4781-951a-3c255d7baf60,sana ok ka lang,General Tagalog,Greetings,validated,2026-07-24 12:55:37.151387+00,13,1.5,sana ayos ka lang,Phrase
56e68e57-5ff7-4220-99b6-5bab5e576a1c,trending,General Tagalog,Social Media,validated,2026-07-24 12:55:37.151387+00,11,1,uso,Noun
56ea599a-ed5b-4bc7-a8f8-1b07fb5932c4,hugot,General Tagalog,Flirty,validated,2026-07-24 12:55:37.151387+00,1,1.5,malalim na damdamin,Phrase
56ff2a92-7bb5-4922-9c41-5c0d41fbc565,Neighbor (Tagalog),General Tagalog,Formal,validated,2026-07-06 06:21:53.701666+00,0,1.5,Kapitbahay,Phrase
5703eb85-6308-454a-a920-105324d0d1c1,nagbibilang ng poste,General Tagalog,Work,validated,2026-08-06 09:08:28.867391+00,9,1.5,walang trabaho,Phrase
572d0eb2-780e-40ed-8d7d-5fa5e37c9537,wala,General Tagalog,Gambling,validated,2026-07-24 12:55:37.151387+00,6,1.5,walang laman,Phrase
5753e6fd-cff8-4a09-a009-d7cb3404003e,power,General Tagalog,Happy,validated,2026-07-24 12:55:37.151387+00,3,1.2,lakas,Adjective
5775fab9-32bb-4696-93bf-1ce4bce0ffd5,masakit,General Cebuano,Sadness,validated,2026-07-24 12:55:37.151387+00,14,1.2,sakit,Adjective
577b1ce2-e2b3-433c-af9e-ee54208a3db3,legit,General Tagalog,Internet Slang,validated,2026-07-24 12:55:37.151387+00,2,1,totoo,Noun
5783bad0-c351-46cf-a8ac-144a6c40bb2e,baka,General Tagalog,Food,validated,2026-08-06 09:10:03.172001+00,7,1,baka,Noun
57a6a245-2ff2-4a42-b9a6-322e32c0d9d4,aba layo,Batangeño,Regional,validated,2026-07-24 12:55:37.151387+00,5,1.5,malayo,Phrase
58765ddb-fee9-4651-97db-97f56601f855,midagan,Boholano,Regional,validated,2026-07-24 12:55:37.151387+00,5,1,tumakbo,Noun
59246ad3-a149-429f-b232-1da9f40f8667,mamaya ga,Batangeño,Regional,validated,2026-07-24 12:55:37.151387+00,5,1.5,mamaya,Phrase
59b9660b-ff48-42d9-b2e9-fc6cb4d9a015,brb,General Tagalog,Internet Slang,validated,2026-07-24 12:55:37.151387+00,2,1.5,babalik lang,Phrase
59be4caf-488b-47af-9493-c5281f2425bd,kabiyak ng dibdib,General Tagalog,Flirty,validated,2026-08-06 09:08:28.867391+00,1,1.5,asawa,Phrase
59f32bba-3f5d-462f-b4e0-657ffc5179be,putcha,General Tagalog,"Angry, Profanity",validated,2026-07-24 12:55:37.151387+00,15,1.5,nakakadismaya,Phrase
5a9b67c4-4fa5-4e3c-981d-93eb48a072ac,pick me,General Tagalog,Internet Slang,validated,2026-07-24 12:55:37.151387+00,2,1.5,nagpapapansin,Phrase
5aa89b2e-d711-4829-9c79-15854ec2cd1c,nakaalis na ga,Batangeño,Regional,validated,2026-07-24 12:55:37.151387+00,5,1.5,umalis,Phrase
5b2c4723-aa29-408b-ab23-289f036b0a12,kailan ga,Batangeño,Regional,validated,2026-07-24 12:55:37.151387+00,5,1.5,kailan,Phrase
5bb67dbf-8d6d-48e7-ad69-9d35fd127f4b,tamang tama,General Tagalog,Happy,validated,2026-07-24 12:55:37.151387+00,3,1.5,sakto,Phrase
5c0b40de-4d21-4caf-9feb-3ba830b48bca,opo,General Tagalog,Regional,validated,2026-07-24 12:55:37.151387+00,5,1,opo,Noun
5c0e40bd-72ec-49e7-83eb-869c10997e1d,mamser,General Tagalog,Internet Slang,validated,2026-07-24 12:55:37.151387+00,2,1.2,ginang,Adjective
5c32717e-a6c1-474e-8ae8-1b3d133d7400,aba tangkad,Batangeño,Regional,validated,2026-07-24 12:55:37.151387+00,5,1.5,matangkad,Phrase
5c457c58-e83d-4ffa-8f44-7d6143d7ef0f,idk,General Tagalog,Internet Slang,validated,2026-07-24 12:55:37.151387+00,2,1.5,hindi ko alam,Phrase
5c969ea6-6c6b-4618-80d4-92d69b5a6562,Balibag,General Cebuano,Action,validated,2026-07-06 06:21:53.701666+00,0,1.5,Throw away,Phrase
5cffcd62-58be-4120-8f2f-7ec45857c428,bukas ga,Batangeño,Regional,validated,2026-07-24 12:55:37.151387+00,5,1.5,bukas,Phrase
5d71b8be-5559-4274-9c3a-d20b5570408b,gutom,Batangeño,Slang,validated,2026-07-09 17:55:57.446356+00,0,1,tomguds,Noun
5da30277-246e-4e82-8be0-4b81094596c5,chika minute,General Tagalog,Internet Slang,validated,2026-07-24 12:55:37.151387+00,2,1.5,sandaling tsismis,Phrase
5dc9e025-25fc-44a4-a8a0-b02ba578c490,Patikad,Batangeño,Action,validated,2026-07-06 06:21:53.701666+00,0,1,Hurry,Noun
5de570ce-70b0-473d-bd31-b650be8a33e9,jk,General Tagalog,Internet Slang,validated,2026-07-24 12:55:37.151387+00,2,1.5,biro lang,Phrase
5e117ea2-5b64-4205-9f33-ca52ad3b438c,musta na ga,Batangeño,Greetings,validated,2026-07-24 12:55:37.151387+00,13,1.5,kumusta,Phrase
5e55cb0c-9fea-4582-8842-275554d26f27,ganern,General Tagalog,Internet Slang,validated,2026-07-24 12:55:37.151387+00,2,1,ganoon,Noun
5ea5db43-3287-4c5d-a128-62f69eb07468,pwde,General Tagalog,Internet Slang,validated,2026-07-24 12:55:37.151387+00,2,1,puwede,Noun
5ee8681b-c7e8-49a0-841e-2907c36a4d42,feed,General Tagalog,Gaming,validated,2026-07-24 12:55:37.151387+00,10,1.5,pinapatay palagi,Phrase
5ef2453d-c018-4e11-9f74-2a6bc38ab8db,miinom,Boholano,Regional,validated,2026-07-24 12:55:37.151387+00,5,1,uminom,Verb
5ef40f10-c746-4a09-b62b-e2f99ea44a9d,bobo,General Tagalog,"Angry, Profanity",validated,2026-07-24 12:55:37.151387+00,4,1.2,tanga,Adjective
5f71c53e-e962-43d1-8871-e0855570709e,aesthetic,General Tagalog,Internet Slang,validated,2026-07-24 12:55:37.151387+00,2,1.5,magandang disenyo,Phrase
5fcc2d7d-399c-4358-bb52-adc32535315b,komportable,General Cebuano,Happy,validated,2026-07-24 12:55:37.151387+00,3,1.2,hayahay,Adjective
5fcd4ffd-bd36-4c34-a587-e9f902a4df7d,skl,General Tagalog,Internet Slang,validated,2026-07-24 12:55:37.151387+00,2,1.5,share ko lang,Phrase
6039cf4b-3a59-4d05-8bd6-e908b400fdbe,Timo,Batangeño,Command,validated,2026-07-06 06:21:53.701666+00,0,1.5,Stop it,Phrase
6041c1f8-1377-4496-9f7b-086edee12497,matulog na ga,Batangeño,Regional,validated,2026-07-24 12:55:37.151387+00,5,1.5,matulog,Phrase
60f6790a-4b9d-4aa1-9cf4-a06ad8cb6fbc,Kahanggan,Batangeño,Noun,validated,2026-07-06 06:21:53.701666+00,0,1,Neighbor,Noun
61151d56-f159-4624-b891-2aa035be79f5,mibiya,Boholano,Regional,validated,2026-07-24 12:55:37.151387+00,5,1,umalis,Verb
6162fa3e-e4c6-4350-a0bc-62bf8e7bcf4c,ratio,General Tagalog,Internet Slang,validated,2026-07-24 12:55:37.151387+00,2,1.5,natalo sa reaksyon,Phrase
61685eeb-022f-4c6f-b0fd-f59bc23d497d,tomguds,English,Slang,validated,2026-07-09 17:55:55.923233+00,0,1,hungry,Noun
6195e63d-f23b-4435-89f6-7fdcd7a328c6,nay,General Tagalog,Family,validated,2026-07-24 12:55:37.151387+00,12,1,nanay,Noun
6217b783-f0a1-46f2-aa77-163ae06eb090,kasintahan,General Cebuano,Flirty,validated,2026-07-24 12:55:37.151387+00,1,1.2,uyab,Adjective
62206fa4-3eb2-4cef-8d3c-14adc323a546,foodtrip,General Tagalog,Food,validated,2026-07-24 12:55:37.151387+00,7,1.5,pagkain ng marami,Phrase
622427f1-c4d0-4458-9e73-f359d235399f,bb,General Tagalog,Flirty,validated,2026-07-24 12:55:37.151387+00,1,1.2,baby,Adjective
6242ced8-c458-4c8f-9a68-d8066567269d,unsa,Boholano,Regional,validated,2026-07-24 12:55:37.151387+00,5,1,ano,Noun
6255ccd9-3fec-42ca-9747-0e40a0a5b0bc,umiyak ga,Batangeño,Sadness,validated,2026-07-24 12:55:37.151387+00,14,1.5,umiyak,Phrase
6259d8fd-8abe-4301-ab17-f0cc99bf439b,chos,General Tagalog,Internet Slang,validated,2026-07-24 12:55:37.151387+00,2,1.5,biro lang,Phrase
62788e20-0ea0-476c-9a5a-da5ead8689b1,dalan,Boholano,Regional,validated,2026-07-24 12:55:37.151387+00,5,1,daan,Noun
62934784-a6ab-4bd1-b8a8-4fef814da481,de jk,General Tagalog,Internet Slang,validated,2026-07-24 12:55:37.151387+00,2,1.5,biro lang,Phrase
629bf0be-c6cc-43cf-bccd-e50b9629b608,chz,General Tagalog,Internet Slang,validated,2026-07-24 12:55:37.151387+00,2,1.5,biro lang,Phrase
63104173-c2fd-45e7-b6a5-a30e281e43f2,soft launch,General Tagalog,Internet Slang,validated,2026-07-24 12:55:37.151387+00,2,1.5,mahinang pagpapakilala,Phrase
63a74a8e-b1e7-40ec-9c9b-a3ac170881ee,aba hiyain,Batangeño,Regional,validated,2026-07-24 12:55:37.151387+00,5,1.5,mahiyain,Phrase
63b3c28b-c41c-437c-92c9-fe135c0b5f63,init,Boholano,Regional,validated,2026-07-24 12:55:37.151387+00,5,1,mainit,Verb
63b852e5-b9d0-4dd8-841e-91daca59f4af,siz,General Tagalog,Internet Slang,validated,2026-07-24 12:55:37.151387+00,2,1,kaibigan,Noun
63d5b500-60f2-45b2-b6a5-4a93d959b20a,utanon,Boholano,Food,validated,2026-07-24 12:55:37.151387+00,7,1,gulay,Noun
64899775-30f8-4568-8b48-830a218bc585,nakakainis,General Cebuano,Angry,validated,2026-08-06 09:08:28.867391+00,4,1.2,atay,Adjective
64df3c2e-0376-4946-a72b-70adfd616138,emz,General Tagalog,Internet Slang,validated,2026-07-24 12:55:37.151387+00,2,1.5,biro lang,Phrase
650476bb-f189-4220-914e-4878f3f1903a,maalamon,Boholano,School,validated,2026-07-24 12:55:37.151387+00,8,1.2,matalino,Adjective
650566c1-1944-400c-831c-606f49784dad,panganay,General Tagalog,Family,validated,2026-07-24 12:55:37.151387+00,12,1,pinakamatanda,Noun
65428eaf-7de0-4277-8387-e0c020423d5b,simp,General Tagalog,Internet Slang,validated,2026-07-24 12:55:37.151387+00,2,1.5,sobrang nagpapahalaga,Phrase
65b0c8d4-9d44-44a9-99a8-610bf8d06df3,pamilya namin ga,Batangeño,Family,validated,2026-07-24 12:55:37.151387+00,12,1.5,pamilya,Phrase
666f1d12-ec04-42ee-a645-bc938d4e39b3,pabida,General Tagalog,Angry,validated,2026-08-06 09:08:28.867391+00,4,1,nagpapapansin,Verb
6697fc0b-1179-4982-af2e-b663b3b44333,cap,General Tagalog,Internet Slang,validated,2026-07-24 12:55:37.151387+00,2,1,kasinungalingan,Noun
66c848d2-af8b-4bf7-a318-0f1ceaf8df81,oomf,General Tagalog,Internet Slang,validated,2026-07-24 12:55:37.151387+00,2,1.5,isang kaibigan ko,Phrase
6709b3f9-09e2-4bbe-90b8-b25852662a25,gutom,General Tagalog,Food,validated,2026-07-24 12:55:37.151387+00,7,1,nagugutom,Verb
68a07cd7-ae4a-444f-9886-3c4d9b18301e,tc,General Tagalog,Internet Slang,validated,2026-07-24 12:55:37.151387+00,2,1.5,mag-ingat,Phrase
68d55f5a-edc5-482a-8aa1-940a5a628ea5,istg,General Tagalog,Internet Slang,validated,2026-08-06 09:08:28.867391+00,2,1,pangako,Noun
690069c8-a31e-47e2-8d42-b04453a48680,stan,General Tagalog,Internet Slang,validated,2026-07-24 12:55:37.151387+00,2,1.5,tagasuporta,Phrase
6939a1c3-a42f-48a9-b541-fea306f42283,fyp,General Tagalog,Social Media,validated,2026-07-24 12:55:37.151387+00,11,1.5,para sa iyo na pahina,Phrase
69be6209-d3c0-46e0-b08d-c9ac13219081,fyi,General Tagalog,Internet Slang,validated,2026-07-24 12:55:37.151387+00,2,1.5,para sa kaalaman mo,Phrase
69eae8a9-1eb0-4b7e-a0bb-49a00141c216,aba tapang,Batangeño,Happy,validated,2026-07-24 12:55:37.151387+00,3,1.5,matapang,Phrase
69f0601f-986b-4442-8acc-28d905fbb76b,maayo,Boholano,Happy,validated,2026-07-24 12:55:37.151387+00,3,1,magaling,Verb
6a607bca-d6a4-4f32-9bfb-c1f737cfa172,kadiri,General Cebuano,Internet Slang,validated,2026-07-24 12:55:37.151387+00,2,1,chuy,Noun
6aa916df-1487-4710-b60f-bdb7a7251f41,yw,General Tagalog,Greetings,validated,2026-07-24 12:55:37.151387+00,13,1.5,walang anuman,Phrase
6aaa6615-fb65-4750-a3a7-b407fdefb51e,nagtatrabaho ga,Batangeño,Work,validated,2026-07-24 12:55:37.151387+00,9,1.5,nagtatrabaho,Phrase
6b873c36-4c5e-4797-ac55-6d13661195a4,aray ko po,English,Colloquial,validated,2026-07-09 17:15:45.800505+00,0,1.5,Ouch!,Phrase
6b8e4c5c-761a-431a-b09b-9fc1ff998e5c,nakakainis,General Cebuano,Angry,validated,2026-08-06 09:08:28.867391+00,4,1.2,ahak,Adjective
6bb14473-46bf-4f4b-ab5a-d0afd4c32dab,kupal,General Tagalog,Angry,validated,2026-07-24 12:55:37.151387+00,4,1.5,walang hiya,Phrase
6bb65529-6e4e-4ec9-a1b8-1130a60739c4,pogi points,General Tagalog,Happy,validated,2026-07-24 12:55:37.151387+00,3,1.5,magandang puntos,Phrase
6c51607c-8fdd-4e8c-932f-1fbd3d82f2d5,ingat,General Tagalog,Greetings,validated,2026-07-24 12:55:37.151387+00,13,1,mag-ingat,Verb
6c546233-e6d4-43f7-9449-32ef4f50cbe3,story,General Tagalog,Social Media,validated,2026-07-24 12:55:37.151387+00,11,1,kwento,Noun
6c6ff0bb-728d-4469-8a3c-87c12d7662d6,goods,General Tagalog,Happy,validated,2026-07-24 12:55:37.151387+00,3,1.2,mabuti,Adjective
6c8a7be2-3305-413d-be23-e84ab34bab02,maulawon,Boholano,Regional,validated,2026-07-24 12:55:37.151387+00,5,1.2,mahiyain,Adjective
6d1a4bd3-9442-4bb9-bd2f-612b01ef11bb,aba bait,Batangeño,Happy,validated,2026-07-24 12:55:37.151387+00,3,1.5,mabait,Phrase
6d97b542-caba-412c-994c-21012089c581,nmn,General Tagalog,Internet Slang,validated,2026-07-24 12:55:37.151387+00,2,1,naman,Noun
6e2acc7f-6367-4e69-a67f-60098d183ed9,buotan,Boholano,Happy,validated,2026-07-24 12:55:37.151387+00,3,1.2,mabait,Adjective
6e3f5e4b-7792-47d2-83e6-9ecb4f63b333,kaibigan,General Cebuano,Regional,validated,2026-07-24 12:55:37.151387+00,5,1,bay,Noun
6e757a9b-948b-4450-99a6-723c96a23192,org,General Tagalog,School,validated,2026-07-24 12:55:37.151387+00,8,1,organisasyon,Noun
6e947913-e606-48a8-bfbb-5e5c64dc60a3,asar,General Tagalog,Angry,validated,2026-07-24 12:55:37.151387+00,4,1.2,nakakainis,Adjective
6eaf0250-f82e-442c-945f-12e902188bda,ulam,General Cebuano,Food,validated,2026-07-24 12:55:37.151387+00,7,1,sud-an,Noun
6eb68c18-5f33-4301-96e3-63be255e58af,accountability,General Tagalog,Internet Slang,validated,2026-07-24 12:55:37.151387+00,2,1,pananagutan,Noun
6f002a32-c8a1-4d0e-b462-8da9c43e2032,aba tanda,Batangeño,Regional,validated,2026-07-24 12:55:37.151387+00,5,1.5,matanda,Phrase
6f44c97c-848b-4c5f-beaf-3ed8da53d002,sarap,General Tagalog,Flirty,validated,2026-07-17 16:17:28.455329+00,1,1.2,kaakit-akit,Adjective
70035843-3555-4df1-968f-6f6b3dc8b05f,tnx,General Tagalog,Greetings,validated,2026-07-24 12:55:37.151387+00,13,1,salamat,Noun
703edb09-bb0c-4885-a15a-30512a795799,iinom,General Cebuano,Food,validated,2026-07-24 12:55:37.151387+00,7,1,moinom,Noun
70a14e4f-82da-49b8-b7c4-fee7f013f958,peste,General Tagalog,Angry,validated,2026-07-24 12:55:37.151387+00,4,1.5,makulit na tao,Phrase
710b8e0d-82a5-4f82-954f-83cbbfe62d37,g,General Tagalog,Internet Slang,validated,2026-07-17 16:17:29.53544+00,2,1,sige,Noun
7155842e-d6e8-4fb5-826c-14bb3dee9ac5,taas,Boholano,Regional,validated,2026-07-24 12:55:37.151387+00,5,1.2,matangkad,Adjective
7199fbef-1ec2-4537-8c04-fa1a9358c15f,rn,General Tagalog,Internet Slang,validated,2026-08-06 09:08:28.867391+00,2,1,ngayon,Noun
7227221c-827a-4d58-a84f-ab3c35399118,content,General Tagalog,Social Media,validated,2026-07-24 12:55:37.151387+00,11,1,nilalaman,Noun
7232cf92-2f51-4106-8b5d-e97e1d4982e5,oks,General Tagalog,Happy,validated,2026-07-24 12:55:37.151387+00,3,1.2,mabuti,Adjective
725a5022-ad2f-4999-a7ee-9c8b33cf725b,keme,General Tagalog,Internet Slang,validated,2026-07-24 12:55:37.151387+00,2,1.5,kung ano-ano,Phrase
73b07b46-10aa-413b-972b-7e63c440b6de,aba taba,Batangeño,Regional,validated,2026-07-24 12:55:37.151387+00,5,1.5,mataba,Phrase
73cdbef4-b3bc-472d-a8c7-12b2a0d86352,tbh,General Tagalog,Internet Slang,validated,2026-08-06 09:08:28.867391+00,2,1.5,sa totoo lang,Phrase
73f0e007-77a0-4fce-a4db-c89a6c70df5c,ang sakit,General Tagalog,Sadness,validated,2026-07-24 12:55:37.151387+00,14,1.5,masakit,Phrase
740e6f98-940e-48d3-a481-48ad2b493856,taena,General Tagalog,"Angry, Profanity",validated,2026-07-24 12:55:37.151387+00,15,1.2,nakakainis,Adjective
742ccb8b-ad8c-41f8-ac05-59c53a0ca68d,Ka-init,General Cebuano,Environment,validated,2026-07-06 06:21:53.701666+00,0,1.5,Very hot,Phrase
746e363f-b32b-49c5-a8c9-e6522a7ca295,ate ga,Batangeño,Family,validated,2026-07-24 12:55:37.151387+00,12,1.5,ate,Phrase
74945c25-29f8-406c-baa7-6b3e65276c76,maganda,General Cebuano,Happy,validated,2026-07-24 12:55:37.151387+00,3,1,nindot,Verb
75021fe7-092f-46d8-bbd1-ee6ca9a5dd5d,sa tamang panahon,General Cebuano,Happy,validated,2026-08-06 09:10:03.172001+00,3,1.5,puhon,Phrase
75284758-0501-420d-90c8-05f3ffd38905,hirap,General Tagalog,Sadness,validated,2026-07-24 12:55:37.151387+00,14,1.2,mahirap,Adjective
7559aded-0545-4d33-bf4a-9889fa4acba3,sud-an,Boholano,Food,validated,2026-07-24 12:55:37.151387+00,7,1,ulam,Noun
757c3236-937e-4f02-aa00-8958ed0a5277,salamat,General Tagalog,Greetings,validated,2026-07-24 12:55:37.151387+00,13,1,salamat,Noun
758719c1-01d2-48e4-9e64-841f2dd6effe,lodi,General Tagalog,Internet Slang,validated,2026-07-17 16:17:26.502111+00,2,1,idol,Noun
759d1885-f301-4e41-815f-7f1e0a858a81,balat sibuyas,General Tagalog,Angry,validated,2026-08-06 09:10:03.172001+00,4,1.5,sensitibo,Phrase
75ad8ad3-1760-4f8f-9d84-88895e20f4a4,nasan,General Tagalog,Internet Slang,validated,2026-07-24 12:55:37.151387+00,2,1,nasaan,Noun
75ef8664-35db-4fb7-b082-ea0d6cd834c4,dpt,General Tagalog,Internet Slang,validated,2026-07-24 12:55:37.151387+00,2,1,dapat,Noun
7625419f-041e-4a9f-84c2-066b30dae6bc,camp,General Tagalog,Gaming,validated,2026-07-24 12:55:37.151387+00,10,1.2,nakatago,Adjective
76d61b45-fe9d-4dab-8225-26a0be3d903c,sksksk,General Tagalog,Internet Slang,validated,2026-08-06 09:10:03.172001+00,2,1.2,nakakatawa,Adjective
76f5fd1d-e3e8-4a0c-9beb-bf2c1fe345eb,negosyo,General Tagalog,Work,validated,2026-07-24 12:55:37.151387+00,9,1,negosyo,Noun
774c7079-92ee-4cc1-b5b2-c990de7a51ac,buntag,Boholano,Regional,validated,2026-07-24 12:55:37.151387+00,5,1,umaga,Verb
77709864-93e4-4c71-9c09-f9b93e5fb87c,ate that,General Tagalog,Internet Slang,validated,2026-07-24 12:55:37.151387+00,2,1.5,ginaling,Phrase
77fa969d-d2b7-4337-b967-abbf5c6c3bc9,san ka,General Tagalog,Internet Slang,validated,2026-07-24 12:55:37.151387+00,2,1.5,saan ka,Phrase
78238a42-ec52-44f5-a756-0c68a340a3e2,ilaw ng tahanan,General Tagalog,Family,validated,2026-08-06 09:08:28.867391+00,12,1.5,nanay,Phrase
7846f273-cf9c-41d8-8eab-116ce670bccd,talking stage,General Tagalog,Internet Slang,validated,2026-07-24 12:55:37.151387+00,2,1.5,nagkakakilala pa lang,Phrase
785339b3-4264-42cf-b93d-95923fc1df8c,aba tanga,Batangeño,Angry,validated,2026-07-24 12:55:37.151387+00,4,1.5,tanga,Phrase
786e6ded-6117-4fab-8264-ea32cdf968eb,kotse ga,Batangeño,Regional,validated,2026-07-24 12:55:37.151387+00,5,1.5,kotse,Phrase
79325b4f-0e6e-47b4-a82e-4778738a2127,oppa,General Tagalog,Internet Slang,validated,2026-07-24 12:55:37.151387+00,2,1,kuya,Noun
79389155-3b0e-4928-9f00-7a94fd6c6afe,aba oo,Batangeño,Regional,validated,2026-07-24 12:55:37.151387+00,5,1.5,oo,Phrase
79744516-ba3a-41ac-a965-5a14ef1189d3,tito,General Tagalog,Family,validated,2026-07-24 12:55:37.151387+00,12,1,tito,Noun
79c7dd6c-e482-492b-a3bd-a64c7ae387bc,witty,General Tagalog,Internet Slang,validated,2026-07-24 12:55:37.151387+00,2,1.2,matalino,Adjective
79ea557c-f7ee-48b0-a095-9016293e4a99,kaibigan,General Cebuano,Regional,validated,2026-07-24 12:55:37.151387+00,5,1,day,Noun
7a63072b-9ede-45ca-bc92-a89a1c8f0f77,dini ga,Batangeño,Regional,validated,2026-07-24 12:55:37.151387+00,5,1.5,dito,Phrase
7a67be44-6f59-4479-b294-f387afa43da2,very cutesy,General Tagalog,Internet Slang,validated,2026-07-24 12:55:37.151387+00,2,1.5,nakakatuwa,Phrase
7a798bb5-3c6a-46c2-a96d-478875a3f479,bread crumbing,General Tagalog,Internet Slang,validated,2026-07-24 12:55:37.151387+00,2,1.5,nagbibigay ng konting atensyon,Phrase
7a7eb78c-d172-40c5-8aa8-e6e417921da4,pasado,General Tagalog,School,validated,2026-07-24 12:55:37.151387+00,8,1,pumasa,Noun
7aa1664d-399c-4854-8779-827d3cfd1df2,kebs,General Tagalog,Internet Slang,validated,2026-07-24 12:55:37.151387+00,2,1.5,wala akong pakialam,Phrase
7aa990ca-1011-4941-b676-990b7123eee6,magsulat ga,Batangeño,School,validated,2026-07-24 12:55:37.151387+00,8,1.5,magsulat,Phrase
7b002fa6-469b-44dc-bd16-af2f6f9c8744,pala ga,Batangeño,Regional,validated,2026-07-24 12:55:37.151387+00,5,1.5,pala,Phrase
7b34b38c-77d5-4b3d-8c56-0abe81c13e85,goated,General Tagalog,Internet Slang,validated,2026-07-24 12:55:37.151387+00,2,1.2,pinakamahusay,Adjective
7b3712b8-e16b-4cd8-830b-5665c61800aa,nvm,General Tagalog,Internet Slang,validated,2026-07-24 12:55:37.151387+00,2,1.5,kalimutan mo na,Phrase
7bb461a8-4146-475f-9c41-f1860779ec1b,aba liit,Batangeño,Regional,validated,2026-07-24 12:55:37.151387+00,5,1.5,maliit,Phrase
7bda80fb-83ed-4588-aa6c-c4be1a2e3e10,ospital,Boholano,Regional,validated,2026-07-24 12:55:37.151387+00,5,1,ospital,Noun
7bf08510-0771-459e-b30b-4db625223987,acads,General Tagalog,School,validated,2026-07-24 12:55:37.151387+00,8,1,pag-aaral,Noun
7c1c8d68-fdcd-41ff-b557-0179df506ab9,duol,Boholano,Regional,validated,2026-07-24 12:55:37.151387+00,5,1.2,malapit,Adjective
7caab504-0e18-4071-ac76-9d9f3625879a,moingon,Boholano,Regional,validated,2026-07-24 12:55:37.151387+00,5,1,magsabi,Verb
7d07db98-b8f8-46d5-a043-490db644fbab,eskwelahan,Boholano,School,validated,2026-07-24 12:55:37.151387+00,8,1,eskwela,Noun
7d0b55fb-52c3-4914-b9e4-07ee17bc3346,demure,General Tagalog,Internet Slang,validated,2026-07-24 12:55:37.151387+00,2,1.2,mahinhin,Adjective
7d2539b6-45a5-47c6-8af4-abe559cf2cfe,weh,General Tagalog,Internet Slang,validated,2026-07-24 12:55:37.151387+00,2,1.5,hindi ako naniniwala,Phrase
7d3f847c-e27b-484b-bcba-4f6add5c7992,nakauwi na ga,Batangeño,Regional,validated,2026-07-24 12:55:37.151387+00,5,1.5,umuwi,Phrase
7d5c332f-ce9b-4753-93d5-5353eb9a80b9,uyab,Boholano,Flirty,validated,2026-07-24 12:55:37.151387+00,1,1.2,kasintahan,Adjective
7d8138ab-5a19-4e62-9a4c-b0a5be4433d6,nong,General Tagalog,Regional,validated,2026-07-24 12:55:37.151387+00,5,1,kuya,Noun
7e370712-a7dd-44a5-a98e-99d7baa00351,ttyl,General Tagalog,Internet Slang,validated,2026-07-24 12:55:37.151387+00,2,1.5,mag-usap tayo mamaya,Phrase
7e5ef6e7-a512-403a-a910-3bece61d064e,ang lamig,General Tagalog,Regional,validated,2026-07-24 12:55:37.151387+00,5,1.5,ang lamig,Phrase
7e78a6fb-da06-4187-884c-a58af8a8995c,recit,General Tagalog,School,validated,2026-07-24 12:55:37.151387+00,8,1,recitation,Noun
7e88ea85-5277-4079-a0bb-c1189bdecf1a,era,General Tagalog,Internet Slang,validated,2026-07-24 12:55:37.151387+00,2,1,panahon,Noun
7efc61f0-2160-4647-8cce-8244b3c93934,aba totoo,Batangeño,Regional,validated,2026-07-24 12:55:37.151387+00,5,1.5,totoo,Phrase
7f735628-d2a8-4bea-9431-52271fb45d46,Hagas,Batangeño,Emotional,validated,2026-07-06 06:21:53.701666+00,0,1,Tired/Stressed,Noun
7f822529-706c-401a-8d55-44c22752bc62,main character,General Tagalog,Internet Slang,validated,2026-07-24 12:55:37.151387+00,2,1.5,bida,Phrase
7fce8893-efd4-4296-943b-91025d1467e0,chaotic,General Tagalog,Internet Slang,validated,2026-07-24 12:55:37.151387+00,2,1,magulo,Verb
7ff0a00c-a718-4c8b-9d12-e20f2fd0f595,punyeta,General Tagalog,"Angry, Profanity",validated,2026-07-24 12:55:37.151387+00,15,1.2,nakakainis,Adjective
801e36d1-0f6b-45de-b738-4e1805f1ea38,logro,General Tagalog,Gambling,validated,2026-07-24 12:55:37.151387+00,6,1,tubo,Noun
80a5fe18-04f1-4b77-91ef-d99e4fdc47b3,mars,General Tagalog,Internet Slang,validated,2026-07-24 12:55:37.151387+00,2,1,kaibigan,Noun
81039df1-c33c-4298-bdec-1806f2050bdd,talaga ga,Batangeño,Regional,validated,2026-07-24 12:55:37.151387+00,5,1.5,talaga,Phrase
81d16411-3b61-4813-9912-bf1565b89750,magbasa ga,Batangeño,School,validated,2026-07-24 12:55:37.151387+00,8,1.5,magbasa,Phrase
81f9b699-002d-454b-a3dd-1e927d64ed5f,amping,Boholano,Greetings,validated,2026-07-24 12:55:37.151387+00,13,1,mag-ingat,Verb
8280c369-abce-4cd1-a91a-b5405cf13a94,mare,General Tagalog,Regional,validated,2026-07-24 12:55:37.151387+00,5,1,kaibigan,Noun
82baae2b-8dfc-40b5-a00c-c0cf8893dac9,np,General Tagalog,Greetings,validated,2026-07-24 12:55:37.151387+00,13,1.5,walang problema,Phrase
8374c669-b06f-4ba6-8441-ac71f0d756f1,tpos,General Tagalog,Internet Slang,validated,2026-07-24 12:55:37.151387+00,2,1,tapos,Noun
83d7b27d-490b-451f-ab0f-7c6fa1916d41,aba pogi,Batangeño,Flirty,validated,2026-07-24 12:55:37.151387+00,1,1.5,pogi,Phrase
842bfcc8-e778-4e19-b4f6-13c27d36110f,nag-inom,Batangeño,Regional,validated,2026-07-24 12:55:37.151387+00,5,1,uminom,Verb
8432b30b-40fc-47de-bb63-28f4164d250f,kugihan,Boholano,Work,validated,2026-07-24 12:55:37.151387+00,9,1.2,masipag,Adjective
8439a90c-a8d9-4216-b1a1-22c5e9e27f88,ayos,General Tagalog,Happy,validated,2026-07-24 12:55:37.151387+00,3,1.2,mabuti,Adjective
84932738-e9b1-485f-8b6f-567beb6853f2,babae ga,Batangeño,Regional,validated,2026-07-24 12:55:37.151387+00,5,1.5,babae,Phrase
84eb46e3-1577-49c2-ba7d-a638d3e0927d,bet,General Tagalog,"Flirty, Internet Slang",validated,2026-07-17 16:17:25.948984+00,1,1.5,gusto,Adjective
8520c483-c4f1-4e48-b425-30f31211de85,amahan,Boholano,Family,validated,2026-07-24 12:55:37.151387+00,12,1,tatay,Noun
859ce633-f6f1-46fd-bd5a-d2e499534d12,Pahuway sa,General Cebuano,Casual,validated,2026-07-06 06:21:53.701666+00,0,1.5,Take a break,Phrase
85dcafd1-1f59-4c60-b471-a7496bbed404,ibon ga,Batangeño,Regional,validated,2026-07-24 12:55:37.151387+00,5,1.5,ibon,Phrase
85fce842-f68a-4f23-99ac-1b747f60b5d9,hoy,General Cebuano,Regional,validated,2026-07-24 12:55:37.151387+00,5,1,uy,Noun
8617dd31-d957-40df-8c99-2f9c27e2eda4,tara kaibigan,General Cebuano,Regional,validated,2026-07-24 12:55:37.151387+00,5,1.5,tara bai,Phrase
86548b77-72cb-474a-aadc-c3ef4f5eb729,lungkot,General Cebuano,Sadness,validated,2026-07-24 12:55:37.151387+00,14,1.2,subo,Adjective
867212b3-dd34-47b8-a3b4-192b00ba4659,Agay nako!,General Cebuano,"Colloquial, Regional",validated,2026-07-09 17:15:46.095559+00,0,1.5,aray ko po,Phrase
8685f220-b71e-4701-b059-d8ae46318d91,mabuti,General Cebuano,Happy,validated,2026-07-24 12:55:37.151387+00,3,1.2,maayo,Adjective
87897635-7d38-4318-8702-1c0d326b542d,taya,General Tagalog,Gambling,validated,2026-07-24 12:55:37.151387+00,6,1,pustahan,Noun
879ee967-f3fa-4971-b151-3eea159b54b2,rofl,General Tagalog,Internet Slang,validated,2026-07-24 12:55:37.151387+00,2,1.2,nakakatawa,Adjective
87aec20b-7b23-4fd9-a798-9f4d7ccbdfa5,dyowa,General Tagalog,Flirty,validated,2026-07-24 12:55:37.151387+00,1,1.2,kasintahan,Adjective
87ebbe4c-2c3e-42ae-86ea-53a9ab1f7025,magsabi ga,Batangeño,Regional,validated,2026-07-24 12:55:37.151387+00,5,1.5,magsabi,Phrase
8939cf4d-78f3-4813-961f-da0f4e3a38be,tea,General Tagalog,Internet Slang,validated,2026-07-24 12:55:37.151387+00,2,1,tsismis,Noun
894ea4b1-67af-42bc-aba1-d38f3c630c3c,pogi,General Cebuano,Flirty,validated,2026-08-06 09:10:03.172001+00,1,1.2,choy,Adjective
89c9bd8b-9e2d-4776-b45d-66a6840be182,nagtakbo,Batangeño,Regional,validated,2026-07-24 12:55:37.151387+00,5,1,tumakbo,Verb
8a9d3466-edd5-4ea1-978a-298d4c4210c1,accla,General Tagalog,Internet Slang,validated,2026-07-24 12:55:37.151387+00,2,1,kaibigan,Noun
8b44180a-6884-493a-8e8e-439e30d19b91,goat,General Tagalog,Internet Slang,validated,2026-07-24 12:55:37.151387+00,2,1.2,pinakamahusay,Adjective
8bb83618-7706-46aa-b0af-399537e07d13,lintik,General Tagalog,Angry,validated,2026-07-24 12:55:37.151387+00,4,1.2,nakakainis,Adjective
8c0de876-9c4c-4bd4-9744-1c5c35405256,bastos,General Cebuano,Angry,validated,2026-07-24 12:55:37.151387+00,4,1.2,hilas,Adjective
8c6c602d-8705-45ae-8f01-e625374f7771,busog,General Tagalog,Food,validated,2026-07-24 12:55:37.151387+00,7,1,nabusog,Noun
8c790432-ad09-41b1-aac0-2184737f803f,walang takot,General Cebuano,Happy,validated,2026-08-06 09:10:03.172001+00,3,1.5,way kurat,Phrase
8cacb9b6-be22-4824-8c7a-fce7b16dcc40,huhu,General Tagalog,Internet Slang,validated,2026-07-24 12:55:37.151387+00,2,1.2,malungkot,Adjective
8cda91de-f271-4467-893a-4eb495b70602,Ambot lang,General Cebuano,Casual,validated,2026-07-06 06:21:53.701666+00,0,1.5,I don't know,Phrase
8ce91c78-4516-46e1-9202-7bea754f27f1,sayang,General Tagalog,Sadness,validated,2026-07-24 12:55:37.151387+00,14,1.2,nakakalungkot,Adjective
8d9c52ab-3c25-45a3-80dd-e5e9c0f4959e,beshie,General Tagalog,Internet Slang,validated,2026-07-24 12:55:37.151387+00,2,1,kaibigan,Noun
8da5c1f5-faac-46cd-909a-673f7eb634c4,engot,General Tagalog,"Angry, Profanity",validated,2026-07-24 12:55:37.151387+00,4,1.2,tanga,Adjective
8dfd9fde-c88b-429a-9f18-96c5b8e284d7,ang pogi,General Cebuano,Flirty,validated,2026-07-24 12:55:37.151387+00,1,1.5,ka gwapo,Phrase
8e4c30d9-e01d-4cf5-91d1-3cfa3109e51b,ika ga,Batangeño,Regional,validated,2026-07-24 12:55:37.151387+00,5,1.5,ikaw,Phrase
8ecc77c9-5d27-4f2f-a1a5-42703616b8db,Kan-on,General Cebuano,Household,validated,2026-07-06 06:21:53.701666+00,0,1.5,Cooked rice,Phrase
8fd5b4a2-e3e8-4e6d-9681-589870dc9606,baka,General Tagalog,Regional,validated,2026-08-06 09:08:28.867391+00,5,1.5,siguro,Adverb
9019d331-b567-4ff3-be97-206d14e8f6ac,gikapoy,Boholano,Sadness,validated,2026-07-24 12:55:37.151387+00,14,1.2,pagod,Adjective
909af4a7-ba29-4bca-b23a-3bcb8d16052b,Like,General Tagalog,Flirty,validated,2026-07-17 16:27:32.250133+00,1,3,Gusto,Adjective
90dbac7a-6e6a-465a-9898-fc098a7dfdda,maglimpyo,Boholano,Regional,validated,2026-07-24 12:55:37.151387+00,5,1,maglinis,Verb
91241d77-c638-4c8c-84bd-2f29873ebd98,sawa,General Tagalog,Regional,validated,2026-08-06 09:08:28.867391+00,5,1.5,ahas,Noun
9151f7c8-f1b9-4712-854a-5e067282974a,matulog na,Boholano,Regional,validated,2026-07-24 12:55:37.151387+00,5,1.5,matulog,Phrase
915add14-958d-41d8-b91e-2ad6e0a0a9a6,nag-aaral ga,Batangeño,School,validated,2026-07-24 12:55:37.151387+00,8,1.5,nag-aaral,Phrase
91dc6aeb-693e-41d1-a191-754bc4649178,pre,General Tagalog,Family,validated,2026-07-24 12:55:37.151387+00,12,1,kaibigan,Noun
91ee356c-4fd2-4506-adf6-6a43d785d1f6,gahapon,Boholano,Regional,validated,2026-07-24 12:55:37.151387+00,5,1,kahapon,Noun
922607c9-1462-422d-885b-61f6dacee03a,daan ga,Batangeño,Regional,validated,2026-07-24 12:55:37.151387+00,5,1.5,daan,Phrase
92caffd1-ea55-4e81-93bf-477c08aada96,tropa,General Tagalog,Flirty,validated,2026-07-24 12:55:37.151387+00,1,1.2,kaibigan,Adjective
9315064d-131b-4b0d-8380-3ae609681be9,aba sipag,Batangeño,Work,validated,2026-07-24 12:55:37.151387+00,9,1.5,masipag,Phrase
934b0592-b25c-4bc1-8d96-0d568f1606c2,ako ga,Batangeño,Regional,validated,2026-07-24 12:55:37.151387+00,5,1.5,ako,Phrase
9361c02b-a673-4ded-accf-f6a385fd5f18,solulu,General Tagalog,Internet Slang,validated,2026-07-24 12:55:37.151387+00,2,1,solusyon,Noun
93673eab-6f8a-418a-9971-21ec11ce655d,rent free,General Tagalog,Internet Slang,validated,2026-07-24 12:55:37.151387+00,2,1.5,hindi maalis sa isip,Phrase
9372a4c6-3acd-4576-ae08-1ccbcc4289eb,sasakay,General Cebuano,Regional,validated,2026-07-24 12:55:37.151387+00,5,1,mosakay,Noun
93e19859-dcb4-425b-b82a-320b6e1bada3,pak,General Tagalog,Internet Slang,validated,2026-07-24 12:55:37.151387+00,2,1,tama,Noun
93fbb5e0-996f-41dd-b2d6-78e8b747ecfe,aba inis,Batangeño,Angry,validated,2026-07-24 12:55:37.151387+00,4,1.5,nakakainis,Phrase
94122d2d-6338-4743-a000-02d1094ab8d2,propesor ga,Batangeño,School,validated,2026-07-24 12:55:37.151387+00,8,1.5,propesor,Phrase
94f20149-e6f2-41d8-8a12-01888d576c79,salamat po,General Tagalog,Greetings,validated,2026-07-24 12:55:37.151387+00,13,1.5,salamat po,Phrase
9641a3d7-20df-443f-a4e0-aae1669174e4,sobrang gutom,General Cebuano,Food,validated,2026-07-24 12:55:37.151387+00,7,1.5,gutom kaayo,Phrase
9670a885-ae85-4933-88d6-fc0421c4c160,pagkarami-rami,Batangeño,Regional,validated,2026-08-06 09:10:03.172001+00,5,1.2,marami,Adjective
968182b0-d21b-4117-badb-0acc080fa03d,bukid,Boholano,Regional,validated,2026-07-24 12:55:37.151387+00,5,1,bundok,Noun
9694c202-012c-420f-b980-6ece16d62c88,umaga ga,Batangeño,Regional,validated,2026-07-24 12:55:37.151387+00,5,1.5,umaga,Phrase
97253d39-f6af-4c47-a17a-485c05806893,lalabas,General Cebuano,Regional,validated,2026-07-24 12:55:37.151387+00,5,1,mogawas,Noun
9766a99e-3d61-4e1d-9c4b-5f19dc1d0192,tubig ga,Batangeño,Food,validated,2026-07-24 12:55:37.151387+00,7,1.5,tubig,Phrase
97837b1f-1bb0-4ebf-9cf7-1c9434d46011,aba laki,Batangeño,Regional,validated,2026-07-24 12:55:37.151387+00,5,1.5,malaki,Phrase
9828d9e0-0226-4585-907d-db96f0418ea6,erp,General Tagalog,Internet Slang,validated,2026-07-24 12:55:37.151387+00,2,1,laro,Noun
98b46902-e587-40d8-85fc-d369f7d1da57,kbye,General Tagalog,Internet Slang,validated,2026-07-24 12:55:37.151387+00,2,1,paalam,Noun
98fa3763-a82a-4cff-92ec-af2a03c06a40,ngano,Boholano,Regional,validated,2026-07-24 12:55:37.151387+00,5,1,bakit,Noun
99410bdc-0498-4671-a73c-7096fe3d0cb1,kusgan,Boholano,Regional,validated,2026-07-24 12:55:37.151387+00,5,1.2,malakas,Adjective
99b79ddb-3c61-4484-8728-761b3fd95f10,freelance,General Tagalog,Work,validated,2026-07-24 12:55:37.151387+00,9,1.5,malaya na trabaho,Phrase
9a1d672d-5c99-40a8-af2b-08910fdcb006,kau,General Tagalog,Internet Slang,validated,2026-07-24 12:55:37.151387+00,2,1,kayo,Noun
9a420160-aa46-4d10-95fb-9542c42aacca,aha,Boholano,Regional,validated,2026-08-06 09:10:03.172001+00,5,1,saan,Noun
9a91280e-6796-44f6-bd10-883b5ba2fb3c,tlga,General Tagalog,Internet Slang,validated,2026-07-24 12:55:37.151387+00,2,1,talaga,Noun
9a92f226-6ba9-410c-8ad4-aa2a0f28df2a,babaye,Boholano,Regional,validated,2026-07-24 12:55:37.151387+00,5,1,babae,Noun
9ac49497-029a-4a15-a1a9-dde9c6cbf783,dw,General Tagalog,Internet Slang,validated,2026-07-24 12:55:37.151387+00,2,1,daw,Noun
9ad4116e-d32e-488a-a570-9eaf894a8fd2,forda,General Tagalog,Internet Slang,validated,2026-08-06 09:10:03.172001+00,2,1.5,para sa,Phrase
9aeb1537-f717-48b3-ba0c-8b67186acad5,manifesting,General Tagalog,Internet Slang,validated,2026-07-24 12:55:37.151387+00,2,1,nagdadasal,Verb
9aef2829-cf7d-4d9d-8004-c8ad94183dfd,aba tagal,Batangeño,Regional,validated,2026-07-24 12:55:37.151387+00,5,1.5,matagal,Phrase
9b22874b-f2d8-45ce-bddf-e99b75afa2e3,jowable,General Tagalog,Internet Slang,validated,2026-07-24 12:55:37.151387+00,2,1.5,puwedeng maging kasintahan,Phrase
9b8100da-dd0f-4991-9d96-ffdc227be8b9,malipayon,Boholano,Happy,validated,2026-07-24 12:55:37.151387+00,3,1.2,masaya,Adjective
9bc42204-0fde-495c-a18b-ef18e1a83599,bago,General Cebuano,Regional,validated,2026-07-24 12:55:37.151387+00,5,1,bag-o,Noun
9bf0c6c9-c8ab-4ed2-8fa7-226684cf2edf,mikaon,Boholano,Food,validated,2026-07-24 12:55:37.151387+00,7,1,kumain,Noun
9c975ee0-f2d5-424a-935b-0a9e51ea716f,ty,General Tagalog,Greetings,validated,2026-07-24 12:55:37.151387+00,13,1,salamat,Noun
9d13c25e-8d09-48f4-a07a-f636371974cc,mangutana,Boholano,Regional,validated,2026-07-24 12:55:37.151387+00,5,1,magtanong,Verb
9e2ccd88-fa8c-4a8b-80e3-20531aa4a66d,lag,General Tagalog,Gaming,validated,2026-07-24 12:55:37.151387+00,10,1.2,mabagal,Adjective
9e3228e0-2b6d-4359-afc3-3ba3f68b2ebe,dasurv,General Tagalog,Internet Slang,validated,2026-07-24 12:55:37.151387+00,2,1,nararapat,Noun
9fd31402-081d-4f2f-8170-2a7caa768d18,isda,Boholano,Food,validated,2026-07-24 12:55:37.151387+00,7,1,isda,Noun
a0550262-0137-409d-9836-b802d2dfa9c5,Kaayo,General Cebuano,Modifier,validated,2026-07-06 06:21:53.701666+00,0,1.5,Very (Intensifier),Phrase
a0598904-5c6c-48c7-9c78-0ace9053225c,ghosted,General Tagalog,Internet Slang,validated,2026-07-24 12:55:37.151387+00,2,1.5,in-ignore,Phrase
a05a84ce-c12e-4954-860d-2882a72e2fc7,main character energy,General Tagalog,Internet Slang,validated,2026-08-06 09:10:03.172001+00,2,1.5,bida,Phrase
a09c9ee8-fb5f-400e-b7ba-409cf17224d8,tita,General Tagalog,Family,validated,2026-07-24 12:55:37.151387+00,12,1,tita,Noun
a0c28876-2bbf-49ef-adfd-f7220f2442fd,gwapo,Boholano,Flirty,validated,2026-07-24 12:55:37.151387+00,1,1.2,pogi,Adjective
a0f489ac-cece-4991-903f-9270bae8334e,sila ga,Batangeño,Regional,validated,2026-07-24 12:55:37.151387+00,5,1.5,sila,Phrase
a12bda7b-c8f7-41a2-aba4-b40d074f52e9,pantay ang mga paa,General Tagalog,Sadness,validated,2026-08-06 09:08:28.867391+00,14,1.5,patay na,Phrase
a1423b89-5a38-49e0-a82b-886f168ac01c,masulob-on,Boholano,Sadness,validated,2026-07-24 12:55:37.151387+00,14,1.2,malungkot,Adjective
a17b40e1-afbd-4e99-9c9f-cfa0c145be45,siya ga,Batangeño,Regional,validated,2026-07-24 12:55:37.151387+00,5,1.5,siya,Phrase
a20cd555-d8bc-4964-b316-1a6517bd879b,leche,General Tagalog,Angry,validated,2026-07-24 12:55:37.151387+00,4,1.2,nakakainis,Adjective
a219e714-f010-494f-8b95-da6eba9fb776,di ko kaya,General Tagalog,Sadness,validated,2026-07-24 12:55:37.151387+00,14,1.5,hindi ko kaya,Phrase
a276ea85-94e7-43c9-938f-334d1d7188eb,hayop,General Tagalog,"Angry, Profanity",validated,2026-07-24 12:55:37.151387+00,15,1.2,grabe,Adjective
a27d8cc8-4336-4c8c-b2f1-e409b53069f8,sawi,General Tagalog,Sadness,validated,2026-07-24 12:55:37.151387+00,14,1.2,wasak ang puso,Adjective
a28b7aa1-e3d1-4cb0-acf6-bc2aba9bb95d,hungry,General Tagalog,Emotional,validated,2026-07-09 17:36:23.520494+00,0,1,tomguds,Noun
a2fb4d90-6871-417f-8d67-6a8775826ea7,sarap mo,General Tagalog,Flirty,validated,2026-07-24 12:55:37.151387+00,1,1.5,maganda ka,Phrase
a33cc587-c0aa-4e47-a708-8110e6466225,nerf,General Tagalog,Gaming,validated,2026-07-24 12:55:37.151387+00,10,1,pahinain,Noun
a358f6dd-2ed0-4613-86ad-4c5bef9709fe,serve,General Tagalog,Internet Slang,validated,2026-07-24 12:55:37.151387+00,2,1.5,pinakita ang galing,Phrase
a35fb59f-1830-482e-adb6-adb3ae4de0dc,ang pogi mo,General Tagalog,Flirty,validated,2026-07-24 12:55:37.151387+00,1,1.5,ang pogi mo,Phrase
a471f6ae-dd7a-43fb-91dd-0f65259b25da,lowkey,General Tagalog,Internet Slang,validated,2026-07-24 12:55:37.151387+00,2,1,medyo,Noun
a474a877-85ab-441b-b571-147b4885789b,haha,General Tagalog,Internet Slang,validated,2026-07-24 12:55:37.151387+00,2,1.2,nakakatawa,Adjective
a4f22e4a-8cd8-449c-a6f8-e9aa8f735c32,gn,General Tagalog,Internet Slang,validated,2026-07-24 12:55:37.151387+00,2,1.5,magandang gabi,Phrase
a565d561-3576-43b8-99cd-3e55a35e7e73,tay,General Tagalog,Family,validated,2026-07-24 12:55:37.151387+00,12,1,tatay,Noun
a59b3ee3-5080-4281-a691-2042f76003dd,magaan ang kamay,General Tagalog,Angry,validated,2026-08-06 09:10:03.172001+00,4,1.5,mapanakit,Phrase
a6941607-04ba-46b9-8ef2-01c146f6cd46,flex,General Tagalog,Internet Slang,validated,2026-07-24 12:55:37.151387+00,2,1,ipagmalaki,Noun
a789cd01-c8ee-4b3b-9622-39f8c093587c,ngayon ga,Batangeño,Regional,validated,2026-07-24 12:55:37.151387+00,5,1.5,ngayon,Phrase
a79009e9-3b4b-4a3f-ade8-d33b82a51d91,carry,General Tagalog,Gaming,validated,2026-07-24 12:55:37.151387+00,10,1,dala,Noun
a7d1310f-1dd2-4494-8941-a54998ea70a9,kamusta,General Tagalog,Greetings,validated,2026-07-24 12:55:37.151387+00,13,1,kumusta,Noun
a7d23adc-85e5-4854-8bf9-5bccae3218d5,aba pandak,Batangeño,Regional,validated,2026-07-24 12:55:37.151387+00,5,1.5,pandak,Phrase
a7dfcdc9-6fcf-47f3-aec0-6aeeef80f3ba,tangina,General Tagalog,"Angry, Profanity",validated,2026-07-24 12:55:37.151387+00,15,1.2,nakakainis,Adjective
a7f7fd78-0d8b-44e8-a39b-8c7a53082305,Umis,Batangeño,Action,validated,2026-07-06 06:21:53.701666+00,0,1,Smile,Verb
a800b151-2690-4115-b087-8df937f885ef,gihigugma,Boholano,Flirty,validated,2026-07-24 12:55:37.151387+00,1,1.2,mahal,Adjective
a870f843-89b2-4a55-910f-aa30a276b28b,Atungal,Batangeño,Emotional,validated,2026-07-06 06:21:53.701666+00,0,1,Cry,Noun
a8ed4e48-98c6-47e8-9245-2de3a245e95b,kaunti,General Cebuano,Regional,validated,2026-07-24 12:55:37.151387+00,5,1,dyutay,Noun
a9090c26-a7c1-40af-9680-60b84be82ef7,puno ga,Batangeño,Regional,validated,2026-07-24 12:55:37.151387+00,5,1.5,puno,Phrase
a920887d-d74d-4be3-a62c-e881d787e596,aba hindi,Batangeño,Regional,validated,2026-07-24 12:55:37.151387+00,5,1.5,hindi,Phrase
a93c50f0-41aa-4d73-8204-c7fa82bcdc53,bai,Boholano,Family,validated,2026-07-24 12:55:37.151387+00,12,1,kaibigan,Noun
a974f9e0-fdfb-4ee6-86d7-877feb5f23ba,aba payat,Batangeño,Regional,validated,2026-07-24 12:55:37.151387+00,5,1.5,payat,Phrase
a986b4a1-aef1-4898-87fc-b97adbc829d0,magkano po,General Tagalog,Regional,validated,2026-07-24 12:55:37.151387+00,5,1.5,magkano po,Phrase
a9d712df-e96a-4cb2-a92d-18d1dd7819e0,it's giving,General Tagalog,Internet Slang,validated,2026-07-24 12:55:37.151387+00,2,1.5,parang,Phrase
aa289f71-4223-4fdd-8791-b370225d08f3,mahal,General Cebuano,Flirty,validated,2026-07-24 12:55:37.151387+00,1,1.2,higugma,Adjective
ab18ee1d-4785-49f3-9f6b-ff96e97067d2,tarantado,General Tagalog,Angry,validated,2026-07-24 12:55:37.151387+00,4,1.5,walang alam,Phrase
ab842bc0-ea10-4827-ad46-0da9bee4f5b3,huwag naman sana,General Cebuano,Regional,validated,2026-08-06 09:10:03.172001+00,5,1.5,simbako,Phrase
ab93078b-f498-45ee-b49d-dc2d98b55d1e,anak ng,General Tagalog,Angry,validated,2026-07-24 12:55:37.151387+00,4,1.5,grabe,Phrase
abdfd7b2-8fdd-45a3-9e99-5edac31be080,maganda,General Cebuano,Flirty,validated,2026-08-06 09:08:28.867391+00,1,1,chix,Verb
abed8299-779d-4f66-b7f5-06e12aec35de,luya,Boholano,Regional,validated,2026-07-24 12:55:37.151387+00,5,1.2,mahina,Adjective
ac5d4208-a41a-4d91-b200-ef7edd7731fa,kilig,General Tagalog,Flirty,validated,2026-07-24 12:55:37.151387+00,1,1.2,kinikilig,Adjective
ace9e522-7fec-441d-bdd9-796524f7d63f,Sukli nako?,General Cebuano,Commerce,validated,2026-07-06 06:21:53.701666+00,0,1.5,My change,Phrase
ae3400d6-dcac-4c7f-a625-2ad72097dbc8,lola,General Tagalog,Family,validated,2026-07-24 12:55:37.151387+00,12,1,lola,Noun
ae547687-77aa-403d-9680-c24eb48827b7,akin na,General Tagalog,Regional,validated,2026-07-24 12:55:37.151387+00,5,1.5,ibigay mo,Phrase
af0aeeff-dfcf-4593-b9e3-f9a4f02e4812,bitter,General Tagalog,Sadness,validated,2026-07-24 12:55:37.151387+00,14,1.5,galit pa rin,Phrase
af968048-c95f-49f5-ad5e-41dceef839f6,mali,General Cebuano,Angry,validated,2026-07-24 12:55:37.151387+00,4,1.2,sayop,Adjective
af9b834c-99ef-4096-8bfc-2c983669258e,live,General Tagalog,Social Media,validated,2026-07-24 12:55:37.151387+00,11,1.5,direktang broadcast,Phrase
afa9b3b2-d201-450b-9253-34aae9f9d49e,omg,General Tagalog,Internet Slang,validated,2026-07-24 12:55:37.151387+00,2,1.5,diyos ko,Phrase
afbf6ce1-2de7-4834-b22b-184aaba12284,walanghiya,General Tagalog,Angry,validated,2026-07-24 12:55:37.151387+00,4,1.5,walang hiya,Phrase
afed11bf-392b-4cd5-8904-47fcffcef1f3,touch grass,General Tagalog,Internet Slang,validated,2026-07-24 12:55:37.151387+00,2,1.5,lumabas ka,Phrase
b0cfb623-f469-475b-893b-6198dea06c03,kanin ga,Batangeño,Food,validated,2026-07-24 12:55:37.151387+00,7,1.5,kanin,Phrase
b15bf70d-01f3-41bb-bf8e-011be4cae2e8,naks,General Tagalog,Internet Slang,validated,2026-07-24 12:55:37.151387+00,2,1.5,ang galing,Phrase
b1bb919c-5b95-4998-8c27-269e5444b116,no cap,General Tagalog,Internet Slang,validated,2026-07-24 12:55:37.151387+00,2,1.5,totoo,Phrase
b1bcae11-23a2-4e95-8cec-e324a0a8b0a5,Bilot,Batangeño,Noun,validated,2026-07-06 06:21:53.701666+00,0,1.5,Dog (puppy),Phrase
b2459b6f-d8b9-4c1e-ba12-c76b06fa8beb,afk,General Tagalog,Gaming,validated,2026-07-24 12:55:37.151387+00,10,1.5,wala sa harap,Phrase
b30a3f35-c154-4259-9071-1560345398d6,pupunta,General Cebuano,Regional,validated,2026-07-24 12:55:37.151387+00,5,1,moadto,Noun
b36bcc30-51f2-43ab-b550-742ea23f6736,unhinged,General Tagalog,Internet Slang,validated,2026-07-24 12:55:37.151387+00,2,1,baliw,Noun
b3ce4df2-c155-4f26-b1b4-f5353a5c2da4,ra,Boholano,Regional,validated,2026-07-24 12:55:37.151387+00,5,1,lang,Noun
b3fd814c-5df7-4b1e-9ea4-367a9b1330a4,bundok ga,Batangeño,Regional,validated,2026-07-24 12:55:37.151387+00,5,1.5,bundok,Phrase
b465c169-2c52-41f0-ad46-7cf58b0d2828,gyud,Boholano,Regional,validated,2026-07-24 12:55:37.151387+00,5,1,talaga,Noun
b46a17d7-a940-4f6c-865c-7d63de296001,awit,General Tagalog,Internet Slang,validated,2026-07-24 12:55:37.151387+00,2,1,sayang,Noun
b46e5ccc-d81d-4f4b-bfb0-d48607ecc426,char,General Tagalog,Internet Slang,validated,2026-07-24 12:55:37.151387+00,2,1.5,biro lang,Phrase
b47b2905-799a-4bed-bd62-93a2f31a7c8a,kc,General Tagalog,Internet Slang,validated,2026-07-24 12:55:37.151387+00,2,1,kasi,Noun
b516003f-348b-4c7f-b717-655c069f3187,isda ga,Batangeño,Food,validated,2026-07-24 12:55:37.151387+00,7,1.5,isda,Phrase
b55ff717-baf9-42da-b6a4-857e792b2ae9,Boyfriend/Girlfriend,General Tagalog,Relationship,validated,2026-07-06 06:21:53.701666+00,0,1,Jowa,Noun
b56c806e-c2dd-42b8-97d7-8af43878b5e3,manok,General Tagalog,Gambling,validated,2026-07-24 12:55:37.151387+00,6,1.5,tandang,Noun
b5720741-55d1-4f9b-8ee5-3cf5966b168e,mama,General Tagalog,Internet Slang,validated,2026-07-24 12:55:37.151387+00,2,1,maganda,Verb
b594b616-558f-4c85-9aac-cfeb1388ce26,kristo,General Tagalog,Gambling,validated,2026-07-24 12:55:37.151387+00,6,1,tagapusta,Noun
b5f04eab-bcc1-46de-8430-03b0cf4d08f4,tumawa ga,Batangeño,Happy,validated,2026-07-24 12:55:37.151387+00,3,1.5,tumawa,Phrase
b5fb58d9-a872-489a-87f0-95c7598be314,dinhi,Boholano,Regional,validated,2026-07-24 12:55:37.151387+00,5,1,dito,Noun
b61c0a7e-59ae-4492-a99d-f14b2cb76404,bulak,Boholano,Regional,validated,2026-07-24 12:55:37.151387+00,5,1,bulaklak,Noun
b62bb334-e7eb-4b22-b3dd-5ffb188026de,Cheap,General Tagalog,Adjective,validated,2026-07-06 06:21:53.701666+00,0,1,Chipangga,Noun
b6357a76-51e9-48b7-8812-291bd6ab4dee,reels,General Tagalog,Social Media,validated,2026-07-24 12:55:37.151387+00,11,1.5,maikling video,Phrase
b728d462-c99b-482c-9db8-15640e6ba986,naol,General Tagalog,Internet Slang,validated,2026-07-24 12:55:37.151387+00,2,1.5,sana lahat,Phrase
b76603b9-c8c6-48df-aaa5-f2f75ddc8a7d,move on,General Tagalog,Sadness,validated,2026-07-24 12:55:37.151387+00,14,1.5,magpatuloy,Phrase
b7c06a0d-2558-47af-b173-ba6250de8929,edi wow,General Tagalog,Internet Slang,validated,2026-07-24 12:55:37.151387+00,2,1.5,wala akong pakialam,Phrase
b7fbd11f-c4c0-4a4e-8ba3-10f8c8e3c2d5,magtutudlo,Boholano,School,validated,2026-07-24 12:55:37.151387+00,8,1,propesor,Verb
b81366bd-ae4a-4be8-ad9c-a9fc69a5cab7,cge,General Tagalog,Internet Slang,validated,2026-07-24 12:55:37.151387+00,2,1,sige,Noun
b8342a04-1e32-43f8-882e-225df1af47d4,tubig,Boholano,Food,validated,2026-07-24 12:55:37.151387+00,7,1,tubig,Noun
b84090f2-42e7-47eb-88a3-7999a96f2bca,tapulan,Boholano,Regional,validated,2026-07-24 12:55:37.151387+00,5,1,tamad,Noun
b84a66a2-512a-4bc7-ae01-42637971b014,raket,General Tagalog,Work,validated,2026-07-24 12:55:37.151387+00,9,1,dagdag na trabaho,Noun
b85002a1-a10d-4e3e-9ca4-65eb9431c0e1,wtf,General Tagalog,Internet Slang,validated,2026-07-24 12:55:37.151387+00,2,1.5,ano ba yan,Phrase
b882a89d-0b3d-4383-955f-25d560989093,layo,Boholano,Regional,validated,2026-07-24 12:55:37.151387+00,5,1.2,malayo,Adjective
b8bdc67c-bc2e-430d-a583-e1071d04caad,panalo,General Tagalog,Happy,validated,2026-07-24 12:55:37.151387+00,3,1.2,panalo,Adjective
b8e27ff0-2f82-4abb-bda4-b2c73c427399,snatched,General Tagalog,Internet Slang,validated,2026-07-24 12:55:37.151387+00,2,1,maganda,Verb
b8fa1882-c8ec-428f-8d7b-352dfd7d6589,sino,General Cebuano,Regional,validated,2026-07-24 12:55:37.151387+00,5,1,kinsa,Noun
b944cfeb-1e70-41a4-bd9d-1a5e59843622,kow,General Tagalog,Internet Slang,validated,2026-07-24 12:55:37.151387+00,2,1,kayo,Noun
b968f4d5-8bb4-4277-a429-ba0ec1872def,aba talino,Batangeño,School,validated,2026-07-24 12:55:37.151387+00,8,1.5,matalino,Phrase
b96a70d0-4bd3-441d-8516-3ba10d14cd55,musta,General Tagalog,Greetings,validated,2026-07-24 12:55:37.151387+00,13,1,kumusta,Noun
b9badaff-3dea-424d-a7c2-056806a3f663,kain tayo,General Tagalog,Food,validated,2026-07-24 12:55:37.151387+00,7,1.5,kumain tayo,Phrase
b9ebe82e-db03-41b6-847f-08808db8751e,bussin,General Tagalog,Internet Slang,validated,2026-07-24 12:55:37.151387+00,2,1.2,masarap,Adjective
b9f821ab-40fc-4eb9-a73d-c1f59d0e8d77,maayo,Boholano,Happy,validated,2026-07-24 12:55:37.151387+00,3,1.2,mabuti,Adjective
ba1bf17c-fded-4efb-892c-dba6cfd43947,buff,General Tagalog,Gaming,validated,2026-07-24 12:55:37.151387+00,10,1,palakasin,Noun
ba673eb9-332e-4155-b26d-5bb3804fdfd6,mahirap,General Cebuano,Sadness,validated,2026-07-24 12:55:37.151387+00,14,1.2,lisod,Adjective
ba98c9f1-f65e-4a60-9fdb-a3e32380c6bf,tatahimik,General Cebuano,Angry,validated,2026-07-24 12:55:37.151387+00,4,1.2,mopahilom,Adjective
bac865ba-9879-4d7d-be3f-944bec763ef7,tambok,Boholano,Regional,validated,2026-07-24 12:55:37.151387+00,5,1.2,mataba,Adjective
bb20c2ba-ca50-411e-9496-68fd1e7f5902,dean's lister,General Tagalog,School,validated,2026-07-24 12:55:37.151387+00,8,1.5,iskolar,Phrase
bb37e631-3b79-440d-8375-b62e3cde2900,Guyam,Batangeño,Noun,validated,2026-07-06 06:21:53.701666+00,0,1,Ants,Noun
bb559765-f449-440c-be24-52deabec5454,ikaw,Boholano,Regional,validated,2026-07-24 12:55:37.151387+00,5,1,ikaw,Noun
bb6394fc-958a-4474-9950-ec10982f330c,nagtuon,Boholano,School,validated,2026-07-24 12:55:37.151387+00,8,1,nag-aaral,Verb
bc22cf69-cc63-4fe9-94d5-41a8cd6d38a7,s,General Tagalog,Internet Slang,validated,2026-07-24 12:55:37.151387+00,2,1,sa,Noun
bc814889-6c7f-4a3e-b6cf-097d9d2deb7c,core,General Tagalog,Internet Slang,validated,2026-07-24 12:55:37.151387+00,2,1,estilo,Noun
bd5c39ed-9d60-402b-8fc1-90985cd9b1e3,tara na,General Tagalog,Internet Slang,validated,2026-07-24 12:55:37.151387+00,2,1.5,halika na,Phrase
bd6c39af-aee2-4fa9-b621-f8e4139dc11b,nakatulog,Boholano,Regional,validated,2026-07-24 12:55:37.151387+00,5,1.2,natulog,Adjective
bd93e651-c00e-4664-8828-e8e8680182d8,walang problema,General Cebuano,Happy,validated,2026-07-24 12:55:37.151387+00,3,1.5,way blema,Phrase
bda58474-c389-4d77-9856-1f5d75010867,nyo,General Tagalog,Internet Slang,validated,2026-07-24 12:55:37.151387+00,2,1,ninyo,Noun
bdba4621-a7ff-46f0-b0cd-3bb8b078e2c5,lods,General Tagalog,Happy,validated,2026-07-24 12:55:37.151387+00,3,1.2,idol,Adjective
be27a774-b827-4358-b984-355ce8b2a6d2,ugma,Boholano,Regional,validated,2026-07-24 12:55:37.151387+00,5,1,bukas,Noun
be456a3a-6939-4601-bfe5-9d2cdfcd7c54,mag-ingat,General Cebuano,Greetings,validated,2026-07-24 12:55:37.151387+00,13,1,amping,Verb
be5ba85f-2457-4dd4-86dc-e75df2e76d15,bugo,Boholano,Angry,validated,2026-07-24 12:55:37.151387+00,4,1.2,tanga,Adjective
be671927-f861-4328-9e0d-e84843b45c3d,mag-ingat ka ga,Batangeño,Greetings,validated,2026-07-24 12:55:37.151387+00,13,1.5,mag-ingat,Phrase
be8bea11-c42e-4952-ad48-e819baf60398,iconic,General Tagalog,Internet Slang,validated,2026-07-24 12:55:37.151387+00,2,1,napakagaling,Noun
bef0968d-351d-498e-ae8c-e437b08dda5d,Urungan mo ang mga plato,Batangeño,Household,validated,2026-07-06 06:21:53.701666+00,0,1.5,Wash the dishes,Phrase
bf5bf891-bd39-4fcc-991b-343b071d9173,palengke ga,Batangeño,Regional,validated,2026-07-24 12:55:37.151387+00,5,1.5,palengke,Phrase
bf6e2e21-55f5-43f3-b308-877f3938728c,bwisit,General Tagalog,Angry,validated,2026-07-24 12:55:37.151387+00,4,1.2,nakakainis,Adjective
bfd47474-089e-4193-bd66-d9aada67c40d,thnks,General Tagalog,Internet Slang,validated,2026-07-24 12:55:37.151387+00,2,1,salamat,Noun
c0c0318f-7232-4bbb-a6b3-b3b50e6e06ed,mid,General Tagalog,Internet Slang,validated,2026-07-24 12:55:37.151387+00,2,1,pangkaraniwan,Noun
c0d1cfd8-b092-4d5e-b66b-be4657706865,Kumusta bay?,General Cebuano,Casual,validated,2026-07-06 06:21:53.701666+00,0,1.5,How are you?,Phrase
c0ee0c75-b4f6-4f77-886c-b4203c7dc822,ano ba,General Cebuano,Internet Slang,validated,2026-07-24 12:55:37.151387+00,2,1.5,unsa man,Phrase
c12a44b2-27bb-4f1f-be04-501a20a86b98,jk lang,General Tagalog,Internet Slang,validated,2026-07-24 12:55:37.151387+00,2,1.5,biro lang,Phrase
c140409b-1186-45d9-bc36-b46718c0e32e,kasintahan ga,Batangeño,Flirty,validated,2026-07-24 12:55:37.151387+00,1,1.5,kasintahan,Phrase
c1634d37-e467-45b2-9097-a874598b7391,na-ghost,General Tagalog,Internet Slang,validated,2026-07-24 12:55:37.151387+00,2,1.5,in-ignore,Phrase
c180f2b9-785d-45df-8820-6f54496d7165,awit,General Tagalog,"Negative, Internet Slang",validated,2026-07-17 16:17:29.793198+00,4,2,nakakalungkot,Noun
c1dcc783-e346-4b0c-887c-3ed48dc20d62,lolo,General Tagalog,Family,validated,2026-07-24 12:55:37.151387+00,12,1,lolo,Noun
c218d460-ce96-4116-bc15-bbf374a1446c,sobrang sarap,General Tagalog,Food,validated,2026-07-24 12:55:37.151387+00,7,1.5,napakasarap,Phrase
c22242aa-3794-4bce-86da-d7739e2348e4,pusa ga,Batangeño,Regional,validated,2026-07-24 12:55:37.151387+00,5,1.5,pusa,Phrase
c3139a6d-4223-4bf5-bb6a-3536f92a13c0,unya,Boholano,Regional,validated,2026-07-24 12:55:37.151387+00,5,1.2,mamaya,Adjective
c3478591-8dde-4ff9-bbfd-318e90200560,wag ka na magtampo,General Tagalog,Flirty,validated,2026-07-24 12:55:37.151387+00,1,1.5,huwag ka na magalit,Phrase
c3af41bc-cb6f-4b9e-bd1d-7beb8fd50f08,ano ga,Batangeño,Regional,validated,2026-07-24 12:55:37.151387+00,5,1.5,ano,Phrase
c3d56188-86ff-4712-8f95-9bbf2ccd78af,ang init,General Tagalog,Regional,validated,2026-07-24 12:55:37.151387+00,5,1.5,ang init,Phrase
c43b2432-42fa-4927-b47e-c3036199f13b,ending,General Tagalog,Gambling,validated,2026-07-24 12:55:37.151387+00,6,1,huli,Noun
c459026e-7a8e-4d7c-bebe-9cb9fa348015,talpak,General Tagalog,Gambling,validated,2026-07-24 12:55:37.151387+00,6,1,talo,Noun
c4d265b1-a360-47e3-9117-47ae80a74343,lablab,General Tagalog,Flirty,validated,2026-07-24 12:55:37.151387+00,1,1.2,halik,Adjective
c5094333-0d22-4e77-824d-1cc681749a22,ang ganda,General Cebuano,Flirty,validated,2026-07-24 12:55:37.151387+00,1,1.5,ka gwapa,Phrase
c52f4e14-1a8f-44c1-9877-fa5dad311d85,Sungaba,Batangeño,Action,validated,2026-07-06 06:21:53.701666+00,0,1.5,Fall flat,Phrase
c54a5388-2329-40c0-9526-697fe4050cb9,magkano,General Cebuano,Regional,validated,2026-07-24 12:55:37.151387+00,5,1,pila,Verb
c54aecfe-d689-4c45-ac89-19e1ff0e5a84,kahoy,Boholano,Regional,validated,2026-07-24 12:55:37.151387+00,5,1,puno,Noun
c5904b56-8d49-494a-89d1-9e3baf34b467,slay,General Tagalog,Internet Slang,validated,2026-07-24 12:55:37.151387+00,2,1,galing,Noun
c59a04f7-6f84-4c49-af90-ae1458ac19c7,naku po,General Tagalog,Internet Slang,validated,2026-07-24 12:55:37.151387+00,2,1.5,diyos ko,Phrase
c5aa5521-7d95-4235-91d5-dd24a8a8521f,wdym,General Tagalog,Internet Slang,validated,2026-07-24 12:55:37.151387+00,2,1.5,anong ibig mong sabihin,Phrase
c6170dc7-9e45-47a0-b5d9-53a94d0a59e9,manang,Boholano,Family,validated,2026-07-24 12:55:37.151387+00,12,1,ate,Noun
c65c3b55-b8c3-4691-abb5-70f1f4c41de2,sila,Boholano,Regional,validated,2026-07-24 12:55:37.151387+00,5,1,sila,Noun
c68eea35-7b56-43e7-9c06-cae06f94c5e5,kaibigang ga,Batangeño,Family,validated,2026-07-24 12:55:37.151387+00,12,1.5,kaibigan,Phrase
c6bd111c-ef41-4ad3-b68c-53579337f9a6,ghosting,General Tagalog,Internet Slang,validated,2026-07-24 12:55:37.151387+00,2,1.5,biglang nawala,Phrase
c701177b-bc76-49a6-9cd6-9625fbd792c5,otw,General Tagalog,Internet Slang,validated,2026-07-24 12:55:37.151387+00,2,1.5,paparating na,Phrase
c7d968a4-0e4a-4298-a4e2-8f936d68fed9,sus ka,General Tagalog,Internet Slang,validated,2026-07-24 12:55:37.151387+00,2,1.5,kaduda-duda ka,Phrase
c83f15f4-6e74-4b17-b04f-d66fc5bb6874,gigutom,Boholano,Food,validated,2026-07-24 12:55:37.151387+00,7,1,nagugutom,Verb
c872d988-b385-4f08-913e-4b05041bc0cd,aba lamig,Batangeño,Regional,validated,2026-07-24 12:55:37.151387+00,5,1.5,malamig,Phrase
c8d9f296-d8cd-4300-9b95-a2a5ae7df2e5,miuli,Boholano,Regional,validated,2026-07-24 12:55:37.151387+00,5,1,umuwi,Verb
c8dcbf4b-718a-4075-a202-231c06a34312,nyek,General Tagalog,Internet Slang,validated,2026-07-24 12:55:37.151387+00,2,1.5,nakakadismaya,Phrase
c90ad551-7777-4fd5-ba2f-60265e4a1501,ndi,General Tagalog,Internet Slang,validated,2026-07-24 12:55:37.151387+00,2,1,hindi,Noun
c964bc16-b02a-44d8-b070-a013e15ded96,imo,General Tagalog,Internet Slang,validated,2026-07-24 12:55:37.151387+00,2,1.5,sa palagay ko,Phrase
c9b314da-bd02-470d-84f1-5920e905ac05,meta,General Tagalog,Gaming,validated,2026-07-24 12:55:37.151387+00,10,1.5,pinakaepektibong diskarte,Phrase
ca036abc-a41d-40aa-ad78-22dacd1607e5,solid,General Tagalog,Happy,validated,2026-07-24 12:55:37.151387+00,3,1.5,astig,Adjective
ca659060-4930-41d8-8ab7-2ddc030d5562,kailan,General Cebuano,Regional,validated,2026-07-24 12:55:37.151387+00,5,1,kanus-a,Noun
cab0de13-7a1a-43da-b0fb-abf100ecde78,iring,Boholano,Regional,validated,2026-07-24 12:55:37.151387+00,5,1,pusa,Noun
cb6ff61a-eeb3-427d-9286-7b742c8d6233,maganda,General Cebuano,Happy,validated,2026-08-06 09:08:28.867391+00,3,1,tsada,Verb
cb82de64-6058-4e52-938f-16b69d903b48,cray,General Tagalog,Internet Slang,validated,2026-07-24 12:55:37.151387+00,2,1,grabe,Noun
cb88446b-0126-46f4-8246-d74ccad3805d,na-fall,General Tagalog,Internet Slang,validated,2026-07-24 12:55:37.151387+00,2,1.5,na-in-love,Phrase
cba0ffe1-8dbb-48ba-be00-5361ac2cb967,lalaki ga,Batangeño,Regional,validated,2026-07-24 12:55:37.151387+00,5,1.5,lalaki,Phrase
cc507a17-37e1-49a2-be96-c6d79dd97f2a,galing,General Tagalog,Happy,validated,2026-07-24 12:55:37.151387+00,3,1,magaling,Verb
cc790ca4-d849-4b85-a8f7-706be1a5f98c,magtanom,Boholano,Regional,validated,2026-07-24 12:55:37.151387+00,5,1,magtanim,Verb
cd366db2-31db-4478-b306-2c5f8c4743cf,jusko,General Tagalog,Internet Slang,validated,2026-07-24 12:55:37.151387+00,2,1.5,diyos ko,Phrase
ce1e3ea7-fcc0-4150-a6cd-6a00109d2bc9,ba,General Tagalog,Regional,validated,2026-07-24 12:55:37.151387+00,5,1,ba,Noun
ce93ea7c-cd83-41b9-a215-d2845ecac11f,daga,General Tagalog,Gambling,validated,2026-07-24 12:55:37.151387+00,6,1.5,maliit na pusta,Phrase
cea8fad4-132e-497d-aa8e-fbbd781f6916,kuya ga,Batangeño,Family,validated,2026-07-24 12:55:37.151387+00,12,1.5,kuya,Phrase
cec33c4a-942e-4266-b45b-241c5275ef33,hmu,General Tagalog,Internet Slang,validated,2026-07-24 12:55:37.151387+00,2,1.5,kausapin mo ako,Phrase
cec44feb-40fe-479b-8259-8f53c6345bdf,araw ga,Batangeño,Regional,validated,2026-07-24 12:55:37.151387+00,5,1.5,araw,Phrase
cfe09ed6-160f-40a2-a501-5b4d2af4e01d,kyah,General Tagalog,Regional,validated,2026-07-24 12:55:37.151387+00,5,1,kuya,Noun
d004304e-1898-492d-8eb0-701c21407d78,ihaw,General Tagalog,Food,validated,2026-07-24 12:55:37.151387+00,7,1,inihaw,Verb
d050384b-a1b0-4d43-a4f7-b89c6cad112a,tusok,General Tagalog,Food,validated,2026-07-24 12:55:37.151387+00,7,1,tinutusok,Noun
d07b5db5-13fc-420c-bf91-6cc2d8e126f1,sige lang,General Cebuano,Internet Slang,validated,2026-07-24 12:55:37.151387+00,2,1.5,cge lang,Phrase
d0a15604-3808-464f-b738-31b6e4e05718,gwapa,Boholano,Happy,validated,2026-07-24 12:55:37.151387+00,3,1,maganda,Verb
d12e3638-b95e-4270-a72b-26164a11b936,karne,Boholano,Food,validated,2026-07-24 12:55:37.151387+00,7,1,karne,Noun
d167167c-f830-4980-aaec-87ee72ca22be,miss na kita,General Tagalog,Flirty,validated,2026-07-24 12:55:37.151387+00,1,1.5,nami-miss kita,Phrase
d28de5fd-a29a-4dca-a26d-b6eb8b504c76,prend,General Tagalog,Internet Slang,validated,2026-07-24 12:55:37.151387+00,2,1,kaibigan,Noun
d2b4aaac-bb43-4010-bc71-9a2e78769e38,tama,General Cebuano,Happy,validated,2026-07-24 12:55:37.151387+00,3,1.2,sakto,Adjective
d2b586c1-45a7-40e6-a3db-d0601778fceb,tindahan ga,Batangeño,Regional,validated,2026-07-24 12:55:37.151387+00,5,1.5,tindahan,Phrase
d333ede9-be88-4e26-9d0c-72bef3cc18f4,mahaba ang kamay,General Tagalog,Angry,validated,2026-08-06 09:08:28.867391+00,4,1.5,magnanakaw,Phrase
d3ef4710-462c-4876-8c23-f0d45903561c,hard launch,General Tagalog,Internet Slang,validated,2026-07-24 12:55:37.151387+00,2,1.5,hayagang pagpapakilala,Phrase
d4559116-f12d-41df-a97d-95e47e8dafd6,sheesh,General Tagalog,Internet Slang,validated,2026-07-24 12:55:37.151387+00,2,1,grabe,Noun
d461a20a-f8d9-4cfb-9ca0-6a32d95d5509,landi,General Tagalog,Flirty,validated,2026-07-24 12:55:37.151387+00,1,1.2,malandi,Adjective
d4dc2264-636b-46a8-a421-ec21ce095e76,respawn,General Tagalog,Gaming,validated,2026-07-24 12:55:37.151387+00,10,1.5,mabuhay muli,Phrase
d51b1c15-b845-45bd-87bc-43b0497ca7bd,lungkot,General Tagalog,Sadness,validated,2026-07-24 12:55:37.151387+00,14,1.2,malungkot,Adjective
d55dfafe-d250-43f9-83a4-e96c1182abd0,magtanong ga,Batangeño,Regional,validated,2026-07-24 12:55:37.151387+00,5,1.5,magtanong,Phrase
d59d7928-411f-483a-8310-3b10f44427ee,ygm,General Tagalog,Internet Slang,validated,2026-07-24 12:55:37.151387+00,2,1.5,naintindihan mo,Phrase
d5edf1e3-3223-417f-a7f3-7d5bab45e2e8,lbm,General Tagalog,Internet Slang,validated,2026-07-24 12:55:37.151387+00,2,1.5,sakit ng tiyan,Phrase
d5f49690-0c43-45cf-a298-dae979d3927e,bakit ga,Batangeño,Regional,validated,2026-07-24 12:55:37.151387+00,5,1.5,bakit,Phrase
d659f9eb-09b3-4255-87c8-b4ef68a5d2f3,lol,General Tagalog,Internet Slang,validated,2026-07-24 12:55:37.151387+00,2,1.2,nakakatawa,Adjective
d689314e-5e08-41ad-8801-b0b8b603972a,gc,General Tagalog,Internet Slang,validated,2026-07-24 12:55:37.151387+00,2,1.5,group chat,Phrase
d6b60027-1bae-46b6-bdb6-1b33567ff401,iyak,General Tagalog,Sadness,validated,2026-07-24 12:55:37.151387+00,14,1,umiiyak,Verb
d6f1b846-0e5d-415a-a78e-8466f7c5db66,tsong,General Tagalog,Family,validated,2026-07-24 12:55:37.151387+00,12,1,kaibigan,Noun
d6f3797e-97a7-4949-8961-6b10deeb3c6f,kanina ga,Batangeño,Regional,validated,2026-07-24 12:55:37.151387+00,5,1.5,kanina,Phrase
d78563c4-2df8-4d6b-a837-1fafb79e41c6,bongga,General Tagalog,Happy,validated,2026-07-24 12:55:37.151387+00,3,1.2,napakagaling,Adjective
d819be68-92fe-4d26-8880-8ebf2762850d,good morning po,General Tagalog,Greetings,validated,2026-07-24 12:55:37.151387+00,13,1.5,magandang umaga po,Phrase
d85dbbc5-2dd7-4acc-b464-3558f472b6f4,aba lapit,Batangeño,Regional,validated,2026-07-24 12:55:37.151387+00,5,1.5,malapit,Phrase
d8d8a9b5-2519-47ec-9308-167f29c18c44,Pila?,General Cebuano,Commerce,validated,2026-07-06 06:21:53.701666+00,0,1.5,How much?,Phrase
d93aab78-3941-48d2-9009-64cd3cb3a1a5,bby,General Tagalog,Flirty,validated,2026-07-24 12:55:37.151387+00,1,1.2,baby,Adjective
d989d0c4-986e-42dd-914d-f8489a5ab93e,Dyutay,General Cebuano,Quantity,validated,2026-07-06 06:21:53.701666+00,0,1.5,A little bit,Phrase
d98d0e4d-3070-4283-9cc1-8a75cb663de5,gg na sa puso,General Tagalog,Flirty,validated,2026-07-24 12:55:37.151387+00,1,1.5,in love na,Phrase
d9939576-8641-40cd-83f0-ff037290f18f,mahal,General Cebuano,Flirty,validated,2026-07-24 12:55:37.151387+00,1,1.2,langga,Adjective
d9953009-313d-4d4d-91ff-5d7e09a02e54,petmalu,General Tagalog,"Internet Slang, Happy",validated,2026-07-17 16:17:29.275125+00,3,1.2,mahusay,Adjective
d9a6e4c4-34af-4aec-8065-8cea6c0fb83f,noice,General Tagalog,Happy,validated,2026-07-24 12:55:37.151387+00,3,1,maganda,Verb
da357723-fc50-414a-9711-19c16bbc8606,samgyup,General Tagalog,Food,validated,2026-07-24 12:55:37.151387+00,7,1.5,kainan ng karne,Phrase
da48a307-4bba-40e0-8c53-30d622132b7c,dm,General Tagalog,Social Media,validated,2026-07-24 12:55:37.151387+00,11,1.5,pribadong mensahe,Phrase
da67aa0c-ae73-4d8a-9d59-7616c0d539fc,Tarangkahan,Batangeño,Household,validated,2026-07-06 06:21:53.701666+00,0,1,Gate,Noun
da9c2d69-5a02-4842-b3a0-ddb1035b6c21,Ayoko ngani,English,Slang,validated,2026-07-09 17:15:44.708302+00,0,1.5,I really don't want to,Phrase
dad3978c-6df0-469e-9297-7c8121199969,babalik,General Cebuano,Regional,validated,2026-07-24 12:55:37.151387+00,5,1,mobalik,Noun
db72cbb8-ec1e-4f6c-9a90-69d020b93977,maglinis ga,Batangeño,Regional,validated,2026-07-24 12:55:37.151387+00,5,1.5,maglinis,Phrase
dbd0053f-3b10-4fa1-984f-6213b71692d2,ako,Boholano,Regional,validated,2026-07-24 12:55:37.151387+00,5,1,ako,Noun
dc3a6b1e-45c0-4510-a6d1-c1730c1b36aa,demonyo,General Cebuano,"Angry, Profanity",validated,2026-07-24 12:55:37.151387+00,4,1.2,yawa,Adjective
dd6ed321-695b-494f-90bc-abc08c33538f,mubo,Boholano,Regional,validated,2026-07-24 12:55:37.151387+00,5,1,pandak,Noun
dea8f8b9-50bb-473a-85fe-49f0a916b4e8,bata,Boholano,Regional,validated,2026-07-24 12:55:37.151387+00,5,1,bata,Noun
df0449fd-1d91-4c17-96aa-044452c39a7e,pareho,General Cebuano,Regional,validated,2026-07-24 12:55:37.151387+00,5,1,pareha,Noun
df0baff9-8967-4ce3-80ee-a4d2749bef8f,Banggerahan,Batangeño,Household,validated,2026-07-06 06:21:53.701666+00,0,1.5,Kitchen sink,Phrase
df900ffb-05f9-4de0-bf0a-0e250c06e05b,salamat,Boholano,Greetings,validated,2026-07-24 12:55:37.151387+00,13,1,salamat,Noun
df9d45b8-ff6e-408f-98d4-f2f13bfcb8bb,sultada,General Tagalog,Gambling,validated,2026-07-24 12:55:37.151387+00,6,1,bitiwan,Noun
dfa62b83-928c-4bf4-808c-e41bc4d4dd15,icymi,General Tagalog,Internet Slang,validated,2026-07-24 12:55:37.151387+00,2,1.5,kung hindi mo pa alam,Phrase
dfd2d06c-c1a0-4f2a-8a07-998017a8fed1,astig,General Tagalog,Happy,validated,2026-07-24 12:55:37.151387+00,3,1,magaling,Verb
dfe5aba1-28f1-4cfb-b40c-d71dd4643b90,marami,General Cebuano,Regional,validated,2026-07-24 12:55:37.151387+00,5,1.2,dakol,Adjective
e02d9f91-29e1-416a-bf21-16794ad2bd67,hapon ga,Batangeño,Regional,validated,2026-07-24 12:55:37.151387+00,5,1.5,hapon,Phrase
e03014f6-2e7c-4724-8651-61e7e0d243dc,aba sarap,Batangeño,Food,validated,2026-07-24 12:55:37.151387+00,7,1.5,masarap,Phrase
e066f91a-ddf5-45ec-948e-8166d62dfb8b,Patikar,Batangeño,Action,validated,2026-07-06 06:21:53.701666+00,0,1,Run,Noun
e0be47b8-c0f9-409b-9c28-e3410620f2f5,papasok,General Cebuano,Regional,validated,2026-07-24 12:55:37.151387+00,5,1,mosulod,Noun
e0c6145d-b4bb-4496-a340-77f37a92877a,hapon,Boholano,Regional,validated,2026-07-24 12:55:37.151387+00,5,1,hapon,Noun
e11b115b-c458-404d-8dde-79c25ebd79ba,dugay,Boholano,Regional,validated,2026-07-24 12:55:37.151387+00,5,1.2,matagal,Adjective
e17e6b3a-9f2a-424d-bf63-e756d817b6d4,Sus nako!,General Cebuano,Exclamation,validated,2026-07-06 06:21:53.701666+00,0,1.5,Oh my!,Phrase
e189d0ec-102e-4d65-aaad-5577165c83fc,grabe,General Cebuano,Internet Slang,validated,2026-07-24 12:55:37.151387+00,2,1,pastilan,Noun
e1c23f50-3b36-4e26-9108-7aff7ab97a16,good evening po,General Tagalog,Greetings,validated,2026-07-24 12:55:37.151387+00,13,1.5,magandang gabi po,Phrase
e1ca6d37-a93c-4f7a-9891-1348db0ff8be,makalagot,Boholano,Angry,validated,2026-07-24 12:55:37.151387+00,4,1.2,nakakainis,Adjective
e211338c-868c-4801-ac3c-adc9af410151,lmao,General Tagalog,Internet Slang,validated,2026-07-24 12:55:37.151387+00,2,1.2,nakakatawa,Adjective
e22a004c-2042-42f6-8091-3eefaeaa1bda,diay,Boholano,Regional,validated,2026-07-24 12:55:37.151387+00,5,1,pala,Noun
e290de43-b647-40e0-8024-76b98c3a1e87,dako,Boholano,Regional,validated,2026-07-24 12:55:37.151387+00,5,1.2,malaki,Adjective
e2df8710-5e2d-47a4-b742-7cfa976bf0b5,magsimba ga,Batangeño,Regional,validated,2026-07-24 12:55:37.151387+00,5,1.5,magsimba,Phrase
e3764697-0aa9-4777-a90c-99233093bb38,sori,General Tagalog,Greetings,validated,2026-07-24 12:55:37.151387+00,13,1,paumanhin,Noun
e3d24112-d96d-461f-abba-bffa00a81a6f,cope,General Tagalog,Internet Slang,validated,2026-07-24 12:55:37.151387+00,2,1.5,tanggapin mo na lang,Phrase
e43ec4a6-dee6-40ec-8173-44fb753c255b,ang ganda mo,General Tagalog,Flirty,validated,2026-07-24 12:55:37.151387+00,1,1.5,ang ganda mo,Phrase
e46c2786-3470-496e-aa53-920e1708f309,bugnaw,Boholano,Regional,validated,2026-07-24 12:55:37.151387+00,5,1.2,malamig,Adjective
e4ee91ff-7425-4d72-a648-4b123226035c,mood,General Tagalog,Internet Slang,validated,2026-07-24 12:55:37.151387+00,2,1.5,pareho ng nararamdaman,Phrase
e5428185-e958-4f96-89cc-6c9f3020e11a,ingon ana,Boholano,Regional,validated,2026-07-24 12:55:37.151387+00,5,1.5,ganoon,Phrase
e56d8daa-c152-41a6-9c4e-fa13cf19be58,llamado,General Tagalog,Gambling,validated,2026-07-24 12:55:37.151387+00,6,1,paborito,Noun
e614cbbb-43d9-41ea-bfe2-b9c046542c69,sweldo,General Tagalog,Work,validated,2026-07-24 12:55:37.151387+00,9,1,sahod,Noun
e618fdd2-d7af-43ff-9791-d78b77d60dbc,Kaon ta,General Cebuano,Invitation,validated,2026-07-06 06:21:53.701666+00,0,1.5,Eat,Phrase
e6c3d657-9827-4405-8ab3-476c57d5a97a,ung,General Tagalog,Internet Slang,validated,2026-07-24 12:55:37.151387+00,2,1,yung,Noun
e6f62315-41f9-4b86-a49d-3ccf5fdd0026,pamilya,Boholano,Family,validated,2026-07-24 12:55:37.151387+00,12,1,pamilya,Noun
e73beb86-d9d0-4764-bfb8-35f1686bd90c,villain era,General Tagalog,Internet Slang,validated,2026-07-24 12:55:37.151387+00,2,1.5,panahon ng pagiging masama,Phrase
e78442e7-2014-4dc3-a6ed-a315ce4349ed,gago,General Tagalog,"Angry, Profanity",validated,2026-07-24 12:55:37.151387+00,4,1.2,tanga,Adjective
e7ba9ae4-b7e6-465b-b0c1-2fa3a3313cac,dami mong alam,General Tagalog,Internet Slang,validated,2026-07-24 12:55:37.151387+00,2,1.5,mapagkunwari ka,Phrase
e7be5e44-3800-4a79-bff5-111e92fc8d0c,thesis defense,General Tagalog,School,validated,2026-07-24 12:55:37.151387+00,8,1.5,pagtatanggol ng tesis,Phrase
e8bf99a1-3447-465e-a7b8-b493a9b5306c,Pag-amping ka,General Cebuano,Well-wishing,validated,2026-07-06 06:21:53.701666+00,0,1.5,Take care,Phrase
e9845025-66d8-4ddd-94c4-33bd0d4feef4,isog,Boholano,Happy,validated,2026-07-24 12:55:37.151387+00,3,1.2,matapang,Adjective
e9b3291e-b476-4d2b-93c5-63e9308a3e09,papser,General Tagalog,Internet Slang,validated,2026-07-24 12:55:37.151387+00,2,1,ginoo,Noun
e9bc3960-d106-4ed9-ae29-f70908b81313,mobayad,Boholano,Work,validated,2026-07-24 12:55:37.151387+00,9,1,magbayad,Verb
eae8b3cb-4a29-47f9-8c2f-3a068f9e657f,sige po,General Tagalog,Greetings,validated,2026-07-24 12:55:37.151387+00,13,1.5,oo po,Phrase
eb580700-f6f8-4c3e-85c5-d476635af772,walang silbi,General Cebuano,Angry,validated,2026-07-24 12:55:37.151387+00,4,1.5,walay pulos,Phrase
eb89d816-1905-40eb-98bd-5a9eb3b082e7,bahay namin ga,Batangeño,Regional,validated,2026-07-24 12:55:37.151387+00,5,1.5,bahay,Phrase
ebbe18eb-efa4-4069-8e95-1d12ff521bfe,mutuals,General Tagalog,Internet Slang,validated,2026-07-24 12:55:37.151387+00,2,1,magkakilala,Verb
ec17217c-f18c-49c9-abdf-65864443857a,aba galing,Batangeño,Happy,validated,2026-07-24 12:55:37.151387+00,3,1.5,magaling,Phrase
ec626606-7628-4e07-b588-159608b63f51,salamat ga,Batangeño,Greetings,validated,2026-07-24 12:55:37.151387+00,13,1.5,salamat,Phrase
ec8139ab-f436-4f91-b095-2d75ed4467c7,paspas,Boholano,Regional,validated,2026-07-24 12:55:37.151387+00,5,1.2,mabilis,Adjective
eca1f332-d446-4489-b080-b119847ec3b4,chika,General Tagalog,Internet Slang,validated,2026-07-24 12:55:37.151387+00,2,1,tsismis,Noun
eca6e995-33e5-42dd-b344-e813c3996506,influencer,General Tagalog,Social Media,validated,2026-07-24 12:55:37.151387+00,11,1.5,may impluwensya,Phrase
ed7c4750-baa7-43f0-b173-063ffa27f5e2,patong,General Tagalog,Gambling,validated,2026-07-24 12:55:37.151387+00,6,1,dagdag,Noun
edfabf8a-1536-4c0e-b63c-a36ca9aafb02,dn,General Tagalog,Internet Slang,validated,2026-07-24 12:55:37.151387+00,2,1,rin,Noun
ee00bcb7-ff1f-4972-82a3-f8b651a390ae,gusto,General Cebuano,Flirty,validated,2026-07-24 12:55:37.151387+00,1,1.2,ganahan,Adjective
eeb306f9-8fb5-4e39-bb75-c01e62bfda39,cguro,General Tagalog,Internet Slang,validated,2026-07-24 12:55:37.151387+00,2,1,siguro,Noun
eed8562c-80b6-48d0-8286-4e7dbbcccb2a,kumain,General Cebuano,Food,validated,2026-07-24 12:55:37.151387+00,7,1,kaon,Noun
ef33ab54-2c82-49b3-b8a0-0a51aa24edf6,spill the tea,General Tagalog,Internet Slang,validated,2026-07-24 12:55:37.151387+00,2,1.5,ikwento mo,Phrase
ef628368-853e-4ef3-9154-6e561996e3d2,hapo na ga,Batangeño,Sadness,validated,2026-07-24 12:55:37.151387+00,14,1.5,pagod,Phrase
ef719f39-0b22-4d9a-a2ac-304c7833c1d3,Nababarino na ako,Batangeño,Emotional,validated,2026-07-06 06:21:53.701666+00,0,1.5,I am angry,Phrase
ef933436-689a-410b-a793-05be570abf04,Sumbi,Batangeño,Slang,validated,2026-07-06 06:21:53.701666+00,0,1,Punch,Noun
efba3a3b-5b2f-4450-a927-a6f5d1e8bc74,nangain,Batangeño,Food,validated,2026-07-24 12:55:37.151387+00,7,1,kumain,Noun
efc47bc7-8e52-40c1-b8f6-378e3c9e012e,diyos ko po,General Tagalog,Internet Slang,validated,2026-07-24 12:55:37.151387+00,2,1.5,diyos ko,Phrase
eff91813-e8b4-4822-bfcc-3997b0f44169,naman ga,Batangeño,Regional,validated,2026-07-24 12:55:37.151387+00,5,1.5,naman,Phrase
eff9718b-6aa7-48a7-bbd6-6fc516ebe05c,tryhard,General Tagalog,Gaming,validated,2026-07-24 12:55:37.151387+00,10,1.5,sobrang nagsusumikap,Phrase
f07ab9f0-2bf2-4410-95cc-8d556ee99701,aba lungkot,Batangeño,Sadness,validated,2026-07-24 12:55:37.151387+00,14,1.5,malungkot,Phrase
f15cee60-6af4-44d4-a917-07762e26b28e,nga,Batangeño,"Regional, Slang",validated,2026-07-09 17:15:43.918029+00,0,1,ngani,Noun
f1ac3b09-1859-4b59-8c96-7712d0feb924,aba lakas,Batangeño,Regional,validated,2026-07-24 12:55:37.151387+00,5,1.5,malakas,Phrase
f2040dc4-f59d-4a8d-ad43-4e5f9eafada5,fire,General Tagalog,Internet Slang,validated,2026-07-24 12:55:37.151387+00,2,1,astig,Noun
f20b504b-3fd8-4b3c-8229-590f58cf7ed3,sus,General Tagalog,Internet Slang,validated,2026-07-24 12:55:37.151387+00,2,1,kaduda-duda,Noun
f267c7fd-5190-43c4-ad5f-420c9a2efded,seatmate,General Tagalog,School,validated,2026-07-24 12:55:37.151387+00,8,1,katabi,Noun
f2d7ac0d-78f3-4c3d-a573-f04406da3205,aba gutom,Batangeño,Food,validated,2026-07-24 12:55:37.151387+00,7,1.5,nagugutom,Phrase
f3019a4c-24bd-4682-8796-ffeb08163098,baliw,General Cebuano,Angry,validated,2026-07-24 12:55:37.151387+00,4,1.2,buang,Adjective
f346b202-9efa-4efa-b809-717f611ff3c9,apaka,General Tagalog,Internet Slang,validated,2026-07-24 12:55:37.151387+00,2,1,napaka,Noun
f36c502f-b1d1-408d-98cf-8e884dad42f8,dehins,General Tagalog,Internet Slang,validated,2026-07-24 12:55:37.151387+00,2,1,hindi,Noun
f3b1baec-d84d-407b-90fc-63ec0deb6b79,plot twist,General Tagalog,Internet Slang,validated,2026-07-24 12:55:37.151387+00,2,1.5,baliktad na pangyayari,Phrase
f3d044ea-1927-4e0a-a36b-30d2195c7b90,aba baliw,Batangeño,Angry,validated,2026-07-24 12:55:37.151387+00,4,1.5,baliw,Phrase
f4414430-8a9d-4751-8486-e7a81ebe7621,aba oo nga,Batangeño,Regional,validated,2026-07-24 12:55:37.151387+00,5,1.5,oo nga,Phrase
f46748b8-efa6-43e0-8c7d-26b1cbf8c2c4,Gwapa,General Cebuano,Compliment,validated,2026-07-06 06:21:53.701666+00,0,1.5,Pretty girl,Phrase
f49e8453-2bca-422c-8fd4-78364472d407,torpe,General Tagalog,Flirty,validated,2026-07-24 12:55:37.151387+00,1,1.2,nahihiyang umamin,Adjective
f4bce8c6-a668-450a-9960-d91b9ad44646,langgam,Boholano,Regional,validated,2026-07-24 12:55:37.151387+00,5,1,ibon,Noun
f5253b00-181c-4cdb-9acd-55a81fc02ac8,Mahal kaayo,General Cebuano,Commerce,validated,2026-07-06 06:21:53.701666+00,0,1.5,Very expensive,Phrase
f5941293-a285-4092-bd80-5a8b59e2732d,masarap,General Cebuano,Food,validated,2026-07-24 12:55:37.151387+00,7,1.2,lami,Adjective
f5df9c14-4a1a-45c3-802a-1a4d1d5c1ca7,manong,General Tagalog,Regional,validated,2026-07-24 12:55:37.151387+00,5,1,kuya,Noun
f632831c-e260-484e-b83e-d7ecc8af81fb,sana ol,General Tagalog,Internet Slang,validated,2026-07-24 12:55:37.151387+00,2,1.5,sana lahat,Phrase
f7778c4b-423a-4a7f-94ae-45ccabb9dfe9,mt,General Tagalog,Internet Slang,validated,2026-07-24 12:55:37.151387+00,2,1.2,matulog,Adjective
f778eae3-6d04-476c-8199-1e825d8631d3,clout,General Tagalog,Internet Slang,validated,2026-07-24 12:55:37.151387+00,2,1,sikat,Noun
f84bf321-86da-4231-9d11-118ea687b261,winner,General Tagalog,Happy,validated,2026-07-24 12:55:37.151387+00,3,1.2,panalo,Adjective
f872d1c9-bede-4e19-ab81-5ff4adb4d85e,syota,General Tagalog,Flirty,validated,2026-07-24 12:55:37.151387+00,1,1.2,kasintahan,Adjective
f90848a3-809f-4c4f-898c-0dfaa28fef13,mihilak,Boholano,Sadness,validated,2026-07-24 12:55:37.151387+00,14,1,umiyak,Verb
f94e2b82-109b-48b9-a207-303199388c9c,nasuko,Boholano,Angry,validated,2026-07-24 12:55:37.151387+00,4,1.2,galit,Adjective
fa1bddd8-6ca2-4c2f-b2c6-1cb169296070,itay,Batangeño,Family,validated,2026-07-24 12:55:37.151387+00,12,1,tatay,Noun
fa8f2d25-4a0b-4d60-add1-c6d86a676e2c,kami ga,Batangeño,Regional,validated,2026-07-24 12:55:37.151387+00,5,1.5,kami,Phrase
faccd60c-f372-43c6-b9f8-39c2e7b74e4d,pov,General Tagalog,Internet Slang,validated,2026-07-24 12:55:37.151387+00,2,1.5,punto de vista,Phrase
fb1d7278-a1c1-4c39-9e0b-61381c652d63,pra,General Tagalog,Internet Slang,validated,2026-07-24 12:55:37.151387+00,2,1,para,Noun
fb1f3402-1360-4a33-b9f5-1981698c59ba,tru,General Tagalog,Internet Slang,validated,2026-07-24 12:55:37.151387+00,2,1,totoo,Noun
fb9647f0-dbd1-48c5-8e67-76d85c90e99d,npc,General Tagalog,Internet Slang,validated,2026-07-24 12:55:37.151387+00,2,1.5,tao na walang sariling isip,Phrase
fbf6a9ab-1cb2-43ab-8a05-f79f9cb2cc26,pasensya,General Tagalog,Greetings,validated,2026-07-24 12:55:37.151387+00,13,1,paumanhin,Noun
fcb2653c-a2a0-4b72-8b8e-db0a279f5ef4,k,General Tagalog,Internet Slang,validated,2026-07-24 12:55:37.151387+00,2,1,ka,Noun
fcf15407-7f83-4f22-a423-4e706c2ef989,gaslighting,General Tagalog,Internet Slang,validated,2026-07-24 12:55:37.151387+00,2,1.5,minamanipula ang isip,Phrase
fd269358-0c29-41ea-a48c-23ce2769e8a8,savage,General Tagalog,Internet Slang,validated,2026-07-24 12:55:37.151387+00,2,1.2,matapang,Adjective
fd3ffa92-7a2c-403f-9d50-5feea9a9550b,cringe,General Tagalog,Internet Slang,validated,2026-07-24 12:55:37.151387+00,2,1.2,nakakahiya,Adjective
fd48a555-2256-4f56-b3b6-218bfbef3a64,takot,General Cebuano,Sadness,validated,2026-07-24 12:55:37.151387+00,14,1.2,mahadlok,Adjective
fdef820e-965a-4edb-8840-bc334f6e4f1b,tinuod,Boholano,Regional,validated,2026-07-24 12:55:37.151387+00,5,1,totoo,Noun
fe8682bf-45b8-4a8b-9ee4-a2e348ff004a,delulu,General Tagalog,Internet Slang,validated,2026-07-24 12:55:37.151387+00,2,1,nagbubulag-bulagan,Verb
fed4f081-f27e-4d0a-93a8-e07cd1d9b191,lupet,General Tagalog,Happy,validated,2026-07-24 12:55:37.151387+00,3,1.5,napakagaling,Adjective
fef7ba6b-a356-4479-a8ae-c963c828ea02,nakakatakot,General Cebuano,Angry,validated,2026-07-24 12:55:37.151387+00,4,1.2,makalilisang,Adjective
fefd677f-f08d-4daa-983f-7d8970cb7cd7,tres,General Tagalog,Gambling,validated,2026-07-24 12:55:37.151387+00,6,1,tatlo,Noun